language,handbook,level,code,n
english,5,leaf,504,18871
english,5,leaf,411,11921
english,5,leaf,503,9659
english,5,leaf,501,8616
english,5,leaf,506,6818
english,5,leaf,701,6123
english,5,leaf,403,6009
english,5,leaf,605.1,5729
english,5,leaf,703.1,5594
english,5,leaf,402,4855
english,5,leaf,416.2,4675
english,5,leaf,410,4166
english,5,leaf,104,3570
english,5,leaf,607.3,2791
english,5,leaf,502,2755
english,5,leaf,202.1,2469
english,5,leaf,303,2363
english,5,leaf,301,2300
english,5,leaf,305.1,2269
english,5,leaf,107,2101
english,5,leaf,601.1,2047
english,5,leaf,401,1879
english,5,leaf,201.2,1873
english,5,leaf,414,1497
english,5,leaf,304,1155
english,5,leaf,602.2,1116
english,5,leaf,606.1,1091
english,5,leaf,706,1089
english,5,leaf,605.2,960
english,5,leaf,603,887
english,5,leaf,108,882
english,5,leaf,406,867
english,5,leaf,407,812
english,5,leaf,413,746
english,5,leaf,607.1,737
english,5,leaf,412,701
english,5,leaf,409,620
english,5,leaf,201.1,602
english,5,leaf,601.2,597
english,5,leaf,505,575
english,5,leaf,101,528
english,5,leaf,404,527
english,5,leaf,607.2,429
english,5,leaf,705,421
english,5,leaf,105,416
english,5,leaf,604,401
english,5,leaf,106,358
english,5,leaf,305.2,354
english,5,leaf,110,333
english,5,leaf,204,313
english,5,leaf,408,280
english,5,leaf,602.1,268
english,5,leaf,202.4,229
english,5,leaf,202.3,227
english,5,leaf,702,208
english,5,leaf,109,187
english,5,leaf,405,178
english,5,leaf,704,159
english,5,leaf,305.3,149
english,5,leaf,203,146
english,5,leaf,302,129
english,5,leaf,507,111
english,5,leaf,103.1,104
english,5,leaf,415,82
english,5,leaf,606.2,65
english,5,leaf,102,64
english,5,leaf,608.2,53
english,5,leaf,703.2,40
english,5,leaf,608.3,36
english,5,leaf,416.1,31
english,5,leaf,202.2,27
english,5,leaf,103.2,26
english,5,leaf,608.1,14
english,5,leaf,305.6,4
english,5,leaf,305.5,0
english,5,leaf,305.4,0
english,5,category,103,130
english,5,category,407,812
english,5,category,416,4706
english,5,category,102,64
english,5,category,406,867
english,5,category,502,2755
english,5,category,109,187
english,5,category,303,2363
english,5,category,405,178
english,5,category,106,358
english,5,category,105,416
english,5,category,414,1497
english,5,category,411,11921
english,5,category,507,111
english,5,category,410,4166
english,5,category,605,6689
english,5,category,104,3570
english,5,category,703,5634
english,5,category,301,2300
english,5,category,506,6818
english,5,category,204,313
english,5,category,304,1155
english,5,category,702,208
english,5,category,107,2101
english,5,category,602,1384
english,5,category,305,2776
english,5,category,705,421
english,5,category,606,1156
english,5,category,505,575
english,5,category,604,401
english,5,category,415,82
english,5,category,409,620
english,5,category,607,3957
english,5,category,201,2475
english,5,category,202,2952
english,5,category,408,280
english,5,category,501,8616
english,5,category,601,2644
english,5,category,704,159
english,5,category,101,528
english,5,category,603,887
english,5,category,412,701
english,5,category,504,18871
english,5,category,110,333
english,5,category,402,4855
english,5,category,404,527
english,5,category,706,1089
english,5,category,413,746
english,5,category,503,9659
english,5,category,608,103
english,5,category,403,6009
english,5,category,302,129
english,5,category,108,882
english,5,category,401,1879
english,5,category,701,6123
english,5,category,203,146
dutch,5,leaf,503,13466
dutch,5,leaf,411,7914
dutch,5,leaf,504,7741
dutch,5,leaf,501,6502
dutch,5,leaf,403,6286
dutch,5,leaf,416.2,5709
dutch,5,leaf,701,4531
dutch,5,leaf,605.1,4484
dutch,5,leaf,506,4373
dutch,5,leaf,303,3532
dutch,5,leaf,502,3077
dutch,5,leaf,202.1,2517
dutch,5,leaf,107,2388
dutch,5,leaf,301,2233
dutch,5,leaf,201.2,2171
dutch,5,leaf,108,1807
dutch,5,leaf,606.1,1705
dutch,5,leaf,603,1554
dutch,5,leaf,402,1548
dutch,5,leaf,703.1,1425
dutch,5,leaf,601.1,1390
dutch,5,leaf,412,1254
dutch,5,leaf,104,1218
dutch,5,leaf,505,1050
dutch,5,leaf,604,1044
dutch,5,leaf,601.2,1044
dutch,5,leaf,110,1035
dutch,5,leaf,201.1,986
dutch,5,leaf,401,833
dutch,5,leaf,608.2,812
dutch,5,leaf,602.2,736
dutch,5,leaf,605.2,720
dutch,5,leaf,414,630
dutch,5,leaf,413,603
dutch,5,leaf,202.4,602
dutch,5,leaf,405,576
dutch,5,leaf,607.2,545
dutch,5,leaf,416.1,515
dutch,5,leaf,410,504
dutch,5,leaf,105,502
dutch,5,leaf,302,484
dutch,5,leaf,305.1,465
dutch,5,leaf,304,375
dutch,5,leaf,406,299
dutch,5,leaf,106,277
dutch,5,leaf,101,274
dutch,5,leaf,409,273
dutch,5,leaf,415,256
dutch,5,leaf,109,238
dutch,5,leaf,408,220
dutch,5,leaf,203,212
dutch,5,leaf,404,211
dutch,5,leaf,607.1,208
dutch,5,leaf,703.2,187
dutch,5,leaf,602.1,186
dutch,5,leaf,407,181
dutch,5,leaf,704,162
dutch,5,leaf,103.1,137
dutch,5,leaf,204,136
dutch,5,leaf,608.1,127
dutch,5,leaf,202.3,118
dutch,5,leaf,305.3,112
dutch,5,leaf,606.2,96
dutch,5,leaf,103.2,94
dutch,5,leaf,706,68
dutch,5,leaf,507,42
dutch,5,leaf,305.2,23
dutch,5,leaf,202.2,23
dutch,5,leaf,702,8
dutch,5,leaf,705,6
dutch,5,leaf,102,4
dutch,5,leaf,608.3,0
dutch,5,leaf,607.3,0
dutch,5,leaf,305.6,0
dutch,5,leaf,305.5,0
dutch,5,leaf,305.4,0
dutch,5,category,103,231
dutch,5,category,407,181
dutch,5,category,416,6224
dutch,5,category,102,4
dutch,5,category,406,299
dutch,5,category,502,3077
dutch,5,category,109,238
dutch,5,category,303,3532
dutch,5,category,405,576
dutch,5,category,106,277
dutch,5,category,105,502
dutch,5,category,414,630
dutch,5,category,411,7914
dutch,5,category,507,42
dutch,5,category,410,504
dutch,5,category,605,5204
dutch,5,category,104,1218
dutch,5,category,703,1612
dutch,5,category,301,2233
dutch,5,category,506,4373
dutch,5,category,204,136
dutch,5,category,304,375
dutch,5,category,702,8
dutch,5,category,107,2388
dutch,5,category,602,922
dutch,5,category,305,600
dutch,5,category,705,6
dutch,5,category,606,1801
dutch,5,category,505,1050
dutch,5,category,604,1044
dutch,5,category,415,256
dutch,5,category,409,273
dutch,5,category,607,753
dutch,5,category,201,3157
dutch,5,category,202,3260
dutch,5,category,408,220
dutch,5,category,501,6502
dutch,5,category,601,2434
dutch,5,category,704,162
dutch,5,category,101,274
dutch,5,category,603,1554
dutch,5,category,412,1254
dutch,5,category,504,7741
dutch,5,category,110,1035
dutch,5,category,402,1548
dutch,5,category,404,211
dutch,5,category,706,68
dutch,5,category,413,603
dutch,5,category,503,13466
dutch,5,category,608,939
dutch,5,category,403,6286
dutch,5,category,302,484
dutch,5,category,108,1807
dutch,5,category,401,833
dutch,5,category,701,4531
dutch,5,category,203,212
