wave,coder,code,name,bes_share,model_share,gap
1,human,1,Health,0.02467,0.02458,8e-05
1,human,2,Education,0.00872,0.00874,-2e-05
1,human,3,Election outcome,0.00037,0.00086,-0.00049
1,human,4,Pol-neg,0.0228,0.02325,-0.00045
1,human,5,Partisan-neg,0.01121,0.0103,0.00091
1,human,6,Societal divides,0.00274,0.00264,0.0001
1,human,7,Morals,0.00274,0.00289,-0.00015
1,human,8,"Nat ident, goals-loss",0.00112,0.00115,-2e-05
1,human,9,Racism/discrimination,0.00112,0.00099,0.00013
1,human,10,Welfare,0.02666,0.02601,0.00065
1,human,11,Terrorism,0.00424,0.00453,-0.0003
1,human,12,Immigration,0.22736,0.22652,0.00084
1,human,13,Asylum,0.00025,0.00026,-1e-05
1,human,14,Crime,0.00685,0.00696,-0.00011
1,human,15,Europe,0.02479,0.02578,-0.00099
1,human,16,Constitutional,0.00025,0.00068,-0.00043
1,human,17,International trade,0.001,0.00111,-0.00012
1,human,18,Devolution,0.00162,0.00198,-0.00036
1,human,19,Scot-ind,0.06092,0.05931,0.00161
1,human,21,Foreign affairs,0.01482,0.01411,0.00072
1,human,22,War,0.00399,0.00432,-0.00034
1,human,23,Defence,0.00199,0.00211,-0.00012
1,human,24,Foreign emergency,0.0,2e-05,-2e-05
1,human,25,Domestic emergency,0.04722,0.04713,9e-05
1,human,26,Economy-general,0.26535,0.26426,0.0011
1,human,27,Economy-personal,0.00149,0.001,0.0005
1,human,28,Unemployment,0.0431,0.04295,0.00015
1,human,29,Taxation,0.00536,0.00536,-0.0
1,human,30,Debt/deficit,0.02566,0.02535,0.00032
1,human,31,Inflation,0.00125,0.00146,-0.00021
1,human,32,Living costs,0.02703,0.02714,-0.00011
1,human,33,Poverty,0.0309,0.03151,-0.00062
1,human,34,Austerity,0.01557,0.01525,0.00032
1,human,35,Inequality,0.02267,0.02261,6e-05
1,human,36,Housing,0.01059,0.01081,-0.00022
1,human,37,Social care,0.00112,0.00117,-5e-05
1,human,38,Pensions/ageing,0.00448,0.00403,0.00045
1,human,39,Transport/infrastructure,0.00125,0.00154,-0.0003
1,human,40,Environment,0.03326,0.03296,0.0003
1,human,41,Pol values-auth,0.00075,0.00049,0.00026
1,human,42,Pol values-liberal,0.001,0.00122,-0.00022
1,human,43,Pol values-right,0.00075,0.00054,0.00021
1,human,44,Pol values-left,0.00212,0.00258,-0.00046
1,human,45,Other,0.00025,0.00013,0.00012
1,human,46,Uncoded,0.00598,0.00649,-0.00051
1,human,47,Referendum unspecified,0.00174,0.00282,-0.00107
1,human,48,Coronavirus,0.0,0.00082,-0.00082
1,human,49,Covid-economy,0.0,0.00044,-0.00044
1,human,50,Gender/sexuality/family,0.00087,0.00082,6e-05
2,human,1,Health,0.03704,0.03691,0.00012
2,human,2,Education,0.0096,0.00953,7e-05
2,human,3,Election outcome,0.00148,0.00201,-0.00054
2,human,4,Pol-neg,0.03335,0.03324,0.00011
2,human,5,Partisan-neg,0.03236,0.03023,0.00214
2,human,6,Societal divides,0.00283,0.00318,-0.00035
2,human,7,Morals,0.00381,0.00345,0.00036
2,human,8,"Nat ident, goals-loss",0.0032,0.00396,-0.00076
2,human,9,Racism/discrimination,0.00566,0.00533,0.00033
2,human,10,Welfare,0.0171,0.0171,0.0
2,human,11,Terrorism,0.01255,0.01289,-0.00033
2,human,12,Immigration,0.26726,0.26586,0.0014
2,human,13,Asylum,0.00049,0.0006,-0.0001
2,human,14,Crime,0.00763,0.00794,-0.00031
2,human,15,Europe,0.05389,0.0545,-0.00061
2,human,16,Constitutional,0.00037,0.00073,-0.00036
2,human,17,International trade,0.00111,0.00131,-0.0002
2,human,18,Devolution,0.00123,0.00122,2e-05
2,human,19,Scot-ind,0.0502,0.04912,0.00108
2,human,21,Foreign affairs,0.00258,0.0029,-0.00031
2,human,22,War,0.00135,0.0015,-0.00015
2,human,23,Defence,0.00172,0.00163,9e-05
2,human,24,Foreign emergency,0.0,2e-05,-2e-05
2,human,25,Domestic emergency,0.00025,0.00044,-0.00019
2,human,26,Economy-general,0.22222,0.22255,-0.00033
2,human,27,Economy-personal,0.00098,0.00084,0.00014
2,human,28,Unemployment,0.04331,0.04289,0.00042
2,human,29,Taxation,0.00406,0.00396,0.0001
2,human,30,Debt/deficit,0.01883,0.0184,0.00042
2,human,31,Inflation,0.00135,0.00169,-0.00033
2,human,32,Living costs,0.02879,0.02885,-6e-05
2,human,33,Poverty,0.02141,0.02115,0.00026
2,human,34,Austerity,0.01157,0.01198,-0.00041
2,human,35,Inequality,0.02769,0.02647,0.00122
2,human,36,Housing,0.02682,0.0267,0.00013
2,human,37,Social care,0.0016,0.00136,0.00024
2,human,38,Pensions/ageing,0.00492,0.00484,8e-05
2,human,39,Transport/infrastructure,0.00074,0.00123,-0.00049
2,human,40,Environment,0.02522,0.02448,0.00075
2,human,41,Pol values-auth,0.00062,0.00084,-0.00023
2,human,42,Pol values-liberal,0.00246,0.00299,-0.00053
2,human,43,Pol values-right,0.00074,0.00063,0.00011
2,human,44,Pol values-left,0.00258,0.00349,-0.00091
2,human,45,Other,0.00062,0.00017,0.00045
2,human,46,Uncoded,0.00394,0.00424,-0.0003
2,human,47,Referendum unspecified,0.00197,0.00284,-0.00087
2,human,48,Coronavirus,0.0,0.00079,-0.00079
2,human,49,Covid-economy,0.0,0.00042,-0.00042
2,human,50,Gender/sexuality/family,0.00049,0.00065,-0.00016
3,human,1,Health,0.05772,0.05741,0.00031
3,human,2,Education,0.00519,0.00516,3e-05
3,human,3,Election outcome,0.00205,0.0036,-0.00156
3,human,4,Pol-neg,0.03139,0.03225,-0.00086
3,human,5,Partisan-neg,0.01733,0.01674,0.00059
3,human,6,Societal divides,0.00519,0.00554,-0.00035
3,human,7,Morals,0.00232,0.00261,-0.00029
3,human,8,"Nat ident, goals-loss",0.00355,0.00466,-0.00111
3,human,9,Racism/discrimination,0.00177,0.00205,-0.00028
3,human,10,Welfare,0.01051,0.01054,-3e-05
3,human,11,Terrorism,0.13824,0.13457,0.00367
3,human,12,Immigration,0.23212,0.23157,0.00055
3,human,13,Asylum,0.00068,0.00062,6e-05
3,human,14,Crime,0.00532,0.00626,-0.00094
3,human,15,Europe,0.01624,0.01951,-0.00327
3,human,16,Constitutional,0.01269,0.01185,0.00084
3,human,17,International trade,0.00082,0.00096,-0.00014
3,human,18,Devolution,0.02429,0.02201,0.00228
3,human,19,Scot-ind,0.02866,0.02636,0.0023
3,human,21,Foreign affairs,0.01078,0.01146,-0.00068
3,human,22,War,0.02374,0.02239,0.00135
3,human,23,Defence,0.00682,0.00689,-7e-05
3,human,24,Foreign emergency,0.0,2e-05,-2e-05
3,human,25,Domestic emergency,0.00014,0.00028,-0.00014
3,human,26,Economy-general,0.16826,0.16906,-0.0008
3,human,27,Economy-personal,0.00096,0.00117,-0.00021
3,human,28,Unemployment,0.02415,0.02357,0.00059
3,human,29,Taxation,0.003,0.00287,0.00014
3,human,30,Debt/deficit,0.02142,0.02153,-0.00011
3,human,31,Inflation,0.00109,0.00095,0.00014
3,human,32,Living costs,0.02238,0.02273,-0.00035
3,human,33,Poverty,0.01678,0.01763,-0.00084
3,human,34,Austerity,0.01228,0.01289,-0.00061
3,human,35,Inequality,0.03521,0.0344,0.00081
3,human,36,Housing,0.01255,0.01294,-0.00038
3,human,37,Social care,0.00096,0.00102,-7e-05
3,human,38,Pensions/ageing,0.00409,0.00407,3e-05
3,human,39,Transport/infrastructure,0.00164,0.00163,1e-05
3,human,40,Environment,0.0202,0.01956,0.00063
3,human,41,Pol values-auth,0.00014,0.00056,-0.00042
3,human,42,Pol values-liberal,0.00218,0.00202,0.00016
3,human,43,Pol values-right,0.00055,0.00063,-8e-05
3,human,44,Pol values-left,0.00341,0.00368,-0.00026
3,human,45,Other,0.00041,0.00025,0.00016
3,human,46,Uncoded,0.00587,0.00531,0.00056
3,human,47,Referendum unspecified,0.00355,0.00383,-0.00028
3,human,48,Coronavirus,0.0,0.0008,-0.0008
3,human,49,Covid-economy,0.0,0.00045,-0.00045
3,human,50,Gender/sexuality/family,0.00136,0.00114,0.00022
4,human,1,Health,0.10543,0.10582,-0.00039
4,human,2,Education,0.00707,0.00697,0.0001
4,human,3,Election outcome,0.0265,0.02762,-0.00111
4,human,4,Pol-neg,0.02262,0.02287,-0.00025
4,human,5,Partisan-neg,0.0159,0.01467,0.00123
4,human,6,Societal divides,0.00236,0.00283,-0.00047
4,human,7,Morals,0.00306,0.00305,1e-05
4,human,8,"Nat ident, goals-loss",0.00318,0.00332,-0.00014
4,human,9,Racism/discrimination,0.0033,0.00322,8e-05
4,human,10,Welfare,0.01944,0.01912,0.00032
4,human,11,Terrorism,0.0662,0.06535,0.00085
4,human,12,Immigration,0.24031,0.23929,0.00102
4,human,13,Asylum,0.00024,0.00036,-0.00012
4,human,14,Crime,0.00742,0.00758,-0.00015
4,human,15,Europe,0.01944,0.01933,0.00011
4,human,16,Constitutional,0.00165,0.00179,-0.00014
4,human,17,International trade,0.00047,0.00058,-0.00011
4,human,18,Devolution,0.0013,0.00144,-0.00014
4,human,19,Scot-ind,0.00601,0.00569,0.00032
4,human,21,Foreign affairs,0.00448,0.00496,-0.00049
4,human,22,War,0.00271,0.00246,0.00025
4,human,23,Defence,0.01767,0.0168,0.00087
4,human,24,Foreign emergency,0.0,2e-05,-2e-05
4,human,25,Domestic emergency,0.0,0.0001,-0.0001
4,human,26,Economy-general,0.18978,0.1889,0.00088
4,human,27,Economy-personal,0.00071,0.00058,0.00012
4,human,28,Unemployment,0.02827,0.02761,0.00066
4,human,29,Taxation,0.00577,0.0057,7e-05
4,human,30,Debt/deficit,0.03298,0.03271,0.00027
4,human,31,Inflation,0.00082,0.00098,-0.00016
4,human,32,Living costs,0.02026,0.02068,-0.00042
4,human,33,Poverty,0.01543,0.01623,-0.0008
4,human,34,Austerity,0.02757,0.02808,-0.00051
4,human,35,Inequality,0.04205,0.04132,0.00073
4,human,36,Housing,0.0238,0.02359,0.00021
4,human,37,Social care,0.00141,0.00146,-5e-05
4,human,38,Pensions/ageing,0.00483,0.00505,-0.00022
4,human,39,Transport/infrastructure,0.00106,0.00105,1e-05
4,human,40,Environment,0.01861,0.01863,-1e-05
4,human,41,Pol values-auth,0.00024,0.00064,-0.0004
4,human,42,Pol values-liberal,0.00177,0.00167,9e-05
4,human,43,Pol values-right,0.00024,0.00054,-0.0003
4,human,44,Pol values-left,0.00247,0.00306,-0.00059
4,human,45,Other,0.00012,0.00015,-3e-05
4,human,46,Uncoded,0.00401,0.0044,-0.00039
4,human,47,Referendum unspecified,0.00024,0.00024,-1e-05
4,human,48,Coronavirus,0.0,0.00052,-0.00052
4,human,49,Covid-economy,0.0,0.00028,-0.00028
4,human,50,Gender/sexuality/family,0.00082,0.00071,0.00011
5,human,1,Health,0.13112,0.13087,0.00025
5,human,2,Education,0.01121,0.01093,0.00027
5,human,3,Election outcome,0.02396,0.0247,-0.00074
5,human,4,Pol-neg,0.01514,0.01566,-0.00052
5,human,5,Partisan-neg,0.01693,0.01572,0.0012
5,human,6,Societal divides,0.00119,0.00169,-0.0005
5,human,7,Morals,0.00226,0.00263,-0.00036
5,human,8,"Nat ident, goals-loss",0.00179,0.00191,-0.00012
5,human,9,Racism/discrimination,0.00072,0.00103,-0.00031
5,human,10,Welfare,0.01538,0.01545,-7e-05
5,human,11,Terrorism,0.01979,0.01961,0.00017
5,human,12,Immigration,0.22541,0.22478,0.00063
5,human,13,Asylum,0.0,9e-05,-9e-05
5,human,14,Crime,0.00453,0.00458,-5e-05
5,human,15,Europe,0.01943,0.01958,-0.00015
5,human,16,Constitutional,0.00191,0.00199,-8e-05
5,human,17,International trade,0.0006,0.00067,-7e-05
5,human,18,Devolution,0.00119,0.00122,-2e-05
5,human,19,Scot-ind,0.00703,0.00667,0.00036
5,human,21,Foreign affairs,0.00167,0.00197,-0.0003
5,human,22,War,0.00095,0.00106,-0.00011
5,human,23,Defence,0.00787,0.00747,0.0004
5,human,24,Foreign emergency,0.0,1e-05,-1e-05
5,human,25,Domestic emergency,0.0,0.00011,-0.00011
5,human,26,Economy-general,0.2632,0.26351,-0.00031
5,human,27,Economy-personal,0.00036,0.00048,-0.00012
5,human,28,Unemployment,0.02348,0.02289,0.00059
5,human,29,Taxation,0.00441,0.00451,-0.0001
5,human,30,Debt/deficit,0.03314,0.0324,0.00074
5,human,31,Inflation,0.00024,0.00048,-0.00024
5,human,32,Living costs,0.02086,0.021,-0.00014
5,human,33,Poverty,0.01669,0.01703,-0.00034
5,human,34,Austerity,0.02837,0.02705,0.00132
5,human,35,Inequality,0.0416,0.0409,0.00071
5,human,36,Housing,0.02217,0.02228,-0.00011
5,human,37,Social care,0.00131,0.00137,-5e-05
5,human,38,Pensions/ageing,0.0037,0.00361,8e-05
5,human,39,Transport/infrastructure,0.00119,0.00129,-0.0001
5,human,40,Environment,0.01871,0.01909,-0.00037
5,human,41,Pol values-auth,0.0,0.00043,-0.00043
5,human,42,Pol values-liberal,0.00179,0.0017,8e-05
5,human,43,Pol values-right,0.0006,0.00049,0.0001
5,human,44,Pol values-left,0.00262,0.00271,-9e-05
5,human,45,Other,0.00036,0.00023,0.00013
5,human,46,Uncoded,0.00429,0.00448,-0.00018
5,human,47,Referendum unspecified,0.0,0.00024,-0.00024
5,human,48,Coronavirus,0.0,0.0005,-0.0005
5,human,49,Covid-economy,0.0,0.00028,-0.00028
5,human,50,Gender/sexuality/family,0.00083,0.00067,0.00017
6,human,1,Health,0.11961,0.11956,5e-05
6,human,2,Education,0.00875,0.00855,0.00019
6,human,3,Election outcome,0.00591,0.00811,-0.0022
6,human,4,Pol-neg,0.02143,0.0208,0.00063
6,human,5,Partisan-neg,0.05728,0.0539,0.00338
6,human,6,Societal divides,0.00308,0.00315,-7e-05
6,human,7,Morals,0.00234,0.00232,2e-05
6,human,8,"Nat ident, goals-loss",0.00148,0.00179,-0.00031
6,human,9,Racism/discrimination,0.00062,0.0009,-0.00028
6,human,10,Welfare,0.01922,0.01878,0.00044
6,human,11,Terrorism,0.01491,0.01505,-0.00015
6,human,12,Immigration,0.20978,0.20988,-0.0001
6,human,13,Asylum,0.00025,0.00019,6e-05
6,human,14,Crime,0.00468,0.00461,7e-05
6,human,15,Europe,0.03511,0.03599,-0.00088
6,human,16,Constitutional,0.00579,0.00572,7e-05
6,human,17,International trade,0.00086,0.00084,3e-05
6,human,18,Devolution,0.00382,0.00393,-0.00011
6,human,19,Scot-ind,0.01774,0.01712,0.00062
6,human,21,Foreign affairs,0.0016,0.0016,-0.0
6,human,22,War,0.00012,0.00042,-0.00029
6,human,23,Defence,0.00591,0.00608,-0.00017
6,human,24,Foreign emergency,0.0,2e-05,-2e-05
6,human,25,Domestic emergency,0.00012,6e-05,6e-05
6,human,26,Economy-general,0.24353,0.24332,0.00021
6,human,27,Economy-personal,0.00037,0.00037,0.0
6,human,28,Unemployment,0.01798,0.01749,0.0005
6,human,29,Taxation,0.00407,0.00382,0.00024
6,human,30,Debt/deficit,0.02858,0.02813,0.00044
6,human,31,Inflation,0.00037,0.00049,-0.00012
6,human,32,Living costs,0.01466,0.01527,-0.00061
6,human,33,Poverty,0.01293,0.01378,-0.00085
6,human,34,Austerity,0.04595,0.04531,0.00064
6,human,35,Inequality,0.03757,0.03765,-8e-05
6,human,36,Housing,0.01885,0.01851,0.00034
6,human,37,Social care,0.00099,0.00136,-0.00037
6,human,38,Pensions/ageing,0.0032,0.00313,8e-05
6,human,39,Transport/infrastructure,0.00074,0.00071,3e-05
6,human,40,Environment,0.01663,0.01701,-0.00038
6,human,41,Pol values-auth,0.00049,0.00059,-0.0001
6,human,42,Pol values-liberal,0.00407,0.00402,5e-05
6,human,43,Pol values-right,0.00037,0.00035,1e-05
6,human,44,Pol values-left,0.00345,0.00363,-0.00018
6,human,45,Other,0.00025,0.00014,0.00011
6,human,46,Uncoded,0.00357,0.00352,6e-05
6,human,47,Referendum unspecified,0.00037,0.00039,-2e-05
6,human,48,Coronavirus,0.0,0.00083,-0.00083
6,human,49,Covid-economy,0.0,0.00022,-0.00022
6,human,50,Gender/sexuality/family,0.00062,0.0006,1e-05
7,human,1,Health,0.07703,0.07671,0.00032
7,human,2,Education,0.00636,0.00633,3e-05
7,human,3,Election outcome,0.00168,0.00167,1e-05
7,human,4,Pol-neg,0.01836,0.01932,-0.00096
7,human,5,Partisan-neg,0.01296,0.01262,0.00034
7,human,6,Societal divides,0.0012,0.00148,-0.00028
7,human,7,Morals,0.00264,0.00283,-0.00019
7,human,8,"Nat ident, goals-loss",0.00216,0.00206,0.0001
7,human,9,Racism/discrimination,0.00192,0.00227,-0.00035
7,human,10,Welfare,0.00852,0.00845,7e-05
7,human,11,Terrorism,0.054,0.054,-0.0
7,human,12,Immigration,0.2437,0.24284,0.00086
7,human,13,Asylum,0.00324,0.00318,6e-05
7,human,14,Crime,0.00384,0.00387,-3e-05
7,human,15,Europe,0.29998,0.29929,0.00068
7,human,16,Constitutional,0.00072,0.00088,-0.00016
7,human,17,International trade,0.0012,0.00144,-0.00024
7,human,18,Devolution,0.00012,0.00021,-9e-05
7,human,19,Scot-ind,0.00468,0.00481,-0.00013
7,human,21,Foreign affairs,0.0012,0.00111,9e-05
7,human,22,War,0.00144,0.00145,-1e-05
7,human,23,Defence,0.006,0.0059,0.0001
7,human,24,Foreign emergency,0.0,1e-05,-1e-05
7,human,25,Domestic emergency,0.00012,0.0002,-8e-05
7,human,26,Economy-general,0.09011,0.0895,0.00061
7,human,27,Economy-personal,0.00048,0.00032,0.00016
7,human,28,Unemployment,0.01212,0.01228,-0.00017
7,human,29,Taxation,0.0054,0.00512,0.00028
7,human,30,Debt/deficit,0.0072,0.00729,-9e-05
7,human,31,Inflation,0.00024,0.00034,-0.0001
7,human,32,Living costs,0.0054,0.00579,-0.00039
7,human,33,Poverty,0.01152,0.01172,-0.0002
7,human,34,Austerity,0.02052,0.02016,0.00036
7,human,35,Inequality,0.02904,0.02835,0.00069
7,human,36,Housing,0.02376,0.02363,0.00013
7,human,37,Social care,0.00072,0.00056,0.00016
7,human,38,Pensions/ageing,0.0024,0.00251,-0.00011
7,human,39,Transport/infrastructure,0.00024,0.00041,-0.00017
7,human,40,Environment,0.018,0.01804,-4e-05
7,human,41,Pol values-auth,0.00048,0.00058,-0.0001
7,human,42,Pol values-liberal,0.0012,0.00121,-1e-05
7,human,43,Pol values-right,0.00024,0.00034,-0.0001
7,human,44,Pol values-left,0.0024,0.00256,-0.00016
7,human,45,Other,0.00024,0.00011,0.00013
7,human,46,Uncoded,0.0024,0.00292,-0.00052
7,human,47,Referendum unspecified,0.01224,0.01235,-0.00011
7,human,48,Coronavirus,0.0,0.00028,-0.00028
7,human,49,Covid-economy,0.0,0.00016,-0.00016
7,human,50,Gender/sexuality/family,0.0006,0.00055,5e-05
8,human,1,Health,0.04659,0.0464,0.00018
8,human,2,Education,0.00614,0.00575,0.00039
8,human,3,Election outcome,0.00088,0.00091,-4e-05
8,human,4,Pol-neg,0.01535,0.01526,8e-05
8,human,5,Partisan-neg,0.00932,0.0098,-0.00049
8,human,6,Societal divides,0.00121,0.00163,-0.00043
8,human,7,Morals,0.00186,0.00219,-0.00033
8,human,8,"Nat ident, goals-loss",0.00252,0.00255,-2e-05
8,human,9,Racism/discrimination,0.00263,0.00241,0.00022
8,human,10,Welfare,0.00515,0.00513,2e-05
8,human,11,Terrorism,0.03245,0.03239,5e-05
8,human,12,Immigration,0.26603,0.26524,0.00079
8,human,13,Asylum,0.00186,0.00153,0.00033
8,human,14,Crime,0.00438,0.00437,2e-05
8,human,15,Europe,0.35175,0.35101,0.00073
8,human,16,Constitutional,0.00077,0.00082,-5e-05
8,human,17,International trade,0.00099,0.00107,-8e-05
8,human,18,Devolution,0.0,0.00015,-0.00015
8,human,19,Scot-ind,0.00406,0.00463,-0.00057
8,human,21,Foreign affairs,0.00066,0.00077,-0.00011
8,human,22,War,0.00055,0.00063,-8e-05
8,human,23,Defence,0.00482,0.00455,0.00028
8,human,24,Foreign emergency,0.0,1e-05,-1e-05
8,human,25,Domestic emergency,0.00011,0.00017,-6e-05
8,human,26,Economy-general,0.08298,0.08318,-0.0002
8,human,27,Economy-personal,0.00033,0.00028,5e-05
8,human,28,Unemployment,0.00789,0.00766,0.00023
8,human,29,Taxation,0.00296,0.00303,-7e-05
8,human,30,Debt/deficit,0.00504,0.00497,8e-05
8,human,31,Inflation,0.00055,0.00061,-7e-05
8,human,32,Living costs,0.00373,0.00377,-4e-05
8,human,33,Poverty,0.00844,0.00863,-0.00019
8,human,34,Austerity,0.01798,0.01761,0.00037
8,human,35,Inequality,0.02598,0.02547,0.00051
8,human,36,Housing,0.0228,0.02282,-2e-05
8,human,37,Social care,0.00033,0.00038,-5e-05
8,human,38,Pensions/ageing,0.00219,0.0023,-0.00011
8,human,39,Transport/infrastructure,0.00055,0.00055,-0.0
8,human,40,Environment,0.01655,0.01683,-0.00028
8,human,41,Pol values-auth,0.0,0.00031,-0.00031
8,human,42,Pol values-liberal,0.00121,0.00157,-0.00036
8,human,43,Pol values-right,0.00022,0.00031,-9e-05
8,human,44,Pol values-left,0.00274,0.00299,-0.00025
8,human,45,Other,0.00022,0.0001,0.00012
8,human,46,Uncoded,0.00285,0.00329,-0.00044
8,human,47,Referendum unspecified,0.03398,0.03288,0.0011
8,human,48,Coronavirus,0.0,0.00044,-0.00044
8,human,49,Covid-economy,0.0,0.00013,-0.00013
8,human,50,Gender/sexuality/family,0.00044,0.00049,-5e-05
9,human,1,Health,0.02117,0.02127,-0.0001
9,human,2,Education,0.00144,0.00151,-8e-05
9,human,3,Election outcome,0.0067,0.00763,-0.00093
9,human,4,Pol-neg,0.04976,0.04814,0.00162
9,human,5,Partisan-neg,0.00969,0.01112,-0.00143
9,human,6,Societal divides,0.01089,0.0099,0.00098
9,human,7,Morals,0.00144,0.00159,-0.00016
9,human,8,"Nat ident, goals-loss",0.00156,0.0018,-0.00025
9,human,9,Racism/discrimination,0.00419,0.00449,-0.0003
9,human,10,Welfare,0.00191,0.00201,-0.0001
9,human,11,Terrorism,0.00909,0.00928,-0.00019
9,human,12,Immigration,0.15766,0.1573,0.00036
9,human,13,Asylum,0.00036,0.00032,4e-05
9,human,14,Crime,0.00167,0.00195,-0.00028
9,human,15,Europe,0.54833,0.54155,0.00677
9,human,16,Constitutional,0.00096,0.00194,-0.00099
9,human,17,International trade,0.00311,0.00363,-0.00052
9,human,18,Devolution,0.00024,0.00063,-0.00039
9,human,19,Scot-ind,0.01112,0.01196,-0.00084
9,human,21,Foreign affairs,0.00048,0.00081,-0.00033
9,human,22,War,0.00036,0.00049,-0.00013
9,human,23,Defence,0.00096,0.00109,-0.00013
9,human,24,Foreign emergency,0.0,2e-05,-2e-05
9,human,25,Domestic emergency,0.0,0.00012,-0.00012
9,human,26,Economy-general,0.08074,0.08086,-0.00012
9,human,27,Economy-personal,0.00024,0.00041,-0.00017
9,human,28,Unemployment,0.00419,0.00442,-0.00024
9,human,29,Taxation,0.0006,0.00065,-5e-05
9,human,30,Debt/deficit,0.00227,0.0025,-0.00023
9,human,31,Inflation,0.00024,0.00036,-0.00012
9,human,32,Living costs,0.0012,0.0018,-0.0006
9,human,33,Poverty,0.00191,0.00211,-0.0002
9,human,34,Austerity,0.00514,0.00425,0.00089
9,human,35,Inequality,0.00933,0.0098,-0.00047
9,human,36,Housing,0.00849,0.00837,0.00013
9,human,37,Social care,0.00012,6e-05,6e-05
9,human,38,Pensions/ageing,0.00132,0.00133,-1e-05
9,human,39,Transport/infrastructure,0.00048,0.00036,0.00012
9,human,40,Environment,0.00825,0.00869,-0.00044
9,human,41,Pol values-auth,0.0,0.00031,-0.00031
9,human,42,Pol values-liberal,0.0012,0.0014,-0.00021
9,human,43,Pol values-right,0.00012,0.00023,-0.00011
9,human,44,Pol values-left,0.00156,0.00187,-0.00032
9,human,45,Other,0.00012,0.00014,-2e-05
9,human,46,Uncoded,0.00742,0.00709,0.00033
9,human,47,Referendum unspecified,0.02177,0.02093,0.00084
9,human,48,Coronavirus,0.0,0.00089,-0.00089
9,human,49,Covid-economy,0.0,0.00029,-0.00029
9,human,50,Gender/sexuality/family,0.00024,0.00033,-9e-05
10,human,1,Health,0.05395,0.05424,-0.00029
10,human,2,Education,0.00384,0.00376,8e-05
10,human,3,Election outcome,0.0,0.0007,-0.0007
10,human,4,Pol-neg,0.0155,0.01624,-0.00074
10,human,5,Partisan-neg,0.00846,0.00811,0.00035
10,human,6,Societal divides,0.00333,0.00336,-3e-05
10,human,7,Morals,0.00256,0.00241,0.00016
10,human,8,"Nat ident, goals-loss",0.00179,0.00221,-0.00042
10,human,9,Racism/discrimination,0.00589,0.00615,-0.00025
10,human,10,Welfare,0.00641,0.00676,-0.00035
10,human,11,Terrorism,0.01999,0.01994,5e-05
10,human,12,Immigration,0.14518,0.14464,0.00054
10,human,13,Asylum,0.00115,0.00118,-3e-05
10,human,14,Crime,0.00628,0.0064,-0.00012
10,human,15,Europe,0.50141,0.49932,0.00209
10,human,16,Constitutional,0.00038,0.00063,-0.00025
10,human,17,International trade,0.00154,0.00163,-0.0001
10,human,18,Devolution,0.0,0.00014,-0.00014
10,human,19,Scot-ind,0.005,0.00464,0.00036
10,human,21,Foreign affairs,0.00679,0.00601,0.00078
10,human,22,War,0.00179,0.00176,3e-05
10,human,23,Defence,0.00154,0.00163,-9e-05
10,human,24,Foreign emergency,0.0,1e-05,-1e-05
10,human,25,Domestic emergency,0.00013,0.00019,-6e-05
10,human,26,Economy-general,0.0838,0.08382,-1e-05
10,human,27,Economy-personal,0.00038,0.00042,-3e-05
10,human,28,Unemployment,0.00641,0.00637,3e-05
10,human,29,Taxation,0.0009,0.00113,-0.00023
10,human,30,Debt/deficit,0.00602,0.00614,-0.00012
10,human,31,Inflation,0.00205,0.0017,0.00035
10,human,32,Living costs,0.0073,0.00846,-0.00116
10,human,33,Poverty,0.01333,0.01329,4e-05
10,human,34,Austerity,0.0082,0.00786,0.00034
10,human,35,Inequality,0.01781,0.01773,8e-05
10,human,36,Housing,0.02409,0.02383,0.00026
10,human,37,Social care,0.00103,0.00089,0.00014
10,human,38,Pensions/ageing,0.00243,0.00225,0.00018
10,human,39,Transport/infrastructure,0.00077,0.00052,0.00025
10,human,40,Environment,0.01858,0.01894,-0.00036
10,human,41,Pol values-auth,0.00064,0.00059,5e-05
10,human,42,Pol values-liberal,0.00525,0.00413,0.00112
10,human,43,Pol values-right,0.00038,0.0003,8e-05
10,human,44,Pol values-left,0.00192,0.0026,-0.00067
10,human,45,Other,0.00051,0.00033,0.00019
10,human,46,Uncoded,0.00461,0.0051,-0.00049
10,human,47,Referendum unspecified,0.0,0.00023,-0.00023
10,human,48,Coronavirus,0.0,0.0006,-0.0006
10,human,49,Covid-economy,0.0,0.00014,-0.00014
10,human,50,Gender/sexuality/family,0.00064,0.00057,7e-05
11,human,1,Health,0.10146,0.10081,0.00065
11,human,2,Education,0.00498,0.00508,-0.00011
11,human,3,Election outcome,0.04867,0.05015,-0.00148
11,human,4,Pol-neg,0.01966,0.01916,0.0005
11,human,5,Partisan-neg,0.02354,0.02217,0.00137
11,human,6,Societal divides,0.00316,0.0031,6e-05
11,human,7,Morals,0.00182,0.00175,7e-05
11,human,8,"Nat ident, goals-loss",0.00206,0.00256,-0.00049
11,human,9,Racism/discrimination,0.00194,0.00233,-0.00039
11,human,10,Welfare,0.00461,0.00549,-0.00088
11,human,11,Terrorism,0.04539,0.04526,0.00013
11,human,12,Immigration,0.09842,0.09793,0.00049
11,human,13,Asylum,0.00012,0.00022,-9e-05
11,human,14,Crime,0.0051,0.00517,-7e-05
11,human,15,Europe,0.46517,0.46334,0.00183
11,human,16,Constitutional,0.00049,0.00081,-0.00032
11,human,17,International trade,0.00049,0.00059,-0.0001
11,human,18,Devolution,0.00012,0.00037,-0.00025
11,human,19,Scot-ind,0.00862,0.00813,0.00049
11,human,21,Foreign affairs,0.00619,0.00604,0.00015
11,human,22,War,0.00631,0.00634,-3e-05
11,human,23,Defence,0.00534,0.00519,0.00015
11,human,24,Foreign emergency,0.0,1e-05,-1e-05
11,human,25,Domestic emergency,0.0,0.00011,-0.00011
11,human,26,Economy-general,0.05109,0.05155,-0.00046
11,human,27,Economy-personal,0.00012,0.00018,-6e-05
11,human,28,Unemployment,0.00546,0.00506,0.0004
11,human,29,Taxation,0.00194,0.00207,-0.00013
11,human,30,Debt/deficit,0.00291,0.00323,-0.00032
11,human,31,Inflation,0.00109,0.0008,0.00029
11,human,32,Living costs,0.00449,0.00523,-0.00074
11,human,33,Poverty,0.00886,0.00938,-0.00052
11,human,34,Austerity,0.01104,0.01025,0.0008
11,human,35,Inequality,0.01529,0.0153,-0.0
11,human,36,Housing,0.01505,0.01493,0.00011
11,human,37,Social care,0.00255,0.00239,0.00016
11,human,38,Pensions/ageing,0.00388,0.00406,-0.00017
11,human,39,Transport/infrastructure,0.00073,0.00055,0.00018
11,human,40,Environment,0.01299,0.01334,-0.00035
11,human,41,Pol values-auth,0.00036,0.0004,-4e-05
11,human,42,Pol values-liberal,0.00255,0.00188,0.00067
11,human,43,Pol values-right,0.00012,0.00015,-3e-05
11,human,44,Pol values-left,0.00146,0.00204,-0.00059
11,human,45,Other,0.00073,0.00015,0.00058
11,human,46,Uncoded,0.00303,0.00377,-0.00073
11,human,47,Referendum unspecified,0.00012,0.00035,-0.00023
11,human,48,Coronavirus,0.0,0.00033,-0.00033
11,human,49,Covid-economy,0.0,0.0001,-0.0001
11,human,50,Gender/sexuality/family,0.00049,0.00041,8e-05
12,human,1,Health,0.10769,0.1079,-0.0002
12,human,2,Education,0.00681,0.00699,-0.00018
12,human,3,Election outcome,0.04459,0.0466,-0.00201
12,human,4,Pol-neg,0.0133,0.01351,-0.00021
12,human,5,Partisan-neg,0.02767,0.02576,0.00191
12,human,6,Societal divides,0.00245,0.00277,-0.00032
12,human,7,Morals,0.00149,0.00189,-0.0004
12,human,8,"Nat ident, goals-loss",0.00245,0.00273,-0.00028
12,human,9,Racism/discrimination,0.00192,0.00214,-0.00023
12,human,10,Welfare,0.00479,0.005,-0.00021
12,human,11,Terrorism,0.13047,0.12957,0.0009
12,human,12,Immigration,0.09907,0.09806,0.00101
12,human,13,Asylum,0.00021,0.00024,-3e-05
12,human,14,Crime,0.00734,0.00652,0.00082
12,human,15,Europe,0.37171,0.36985,0.00186
12,human,16,Constitutional,0.00053,0.00067,-0.00014
12,human,17,International trade,0.00043,0.00068,-0.00026
12,human,18,Devolution,0.00011,0.00024,-0.00013
12,human,19,Scot-ind,0.00575,0.00563,0.00012
12,human,21,Foreign affairs,0.00213,0.00194,0.00018
12,human,22,War,0.00128,0.00148,-0.0002
12,human,23,Defence,0.01639,0.01656,-0.00017
12,human,24,Foreign emergency,0.0,1e-05,-1e-05
12,human,25,Domestic emergency,0.0,0.00015,-0.00015
12,human,26,Economy-general,0.05289,0.05294,-5e-05
12,human,27,Economy-personal,0.00011,0.00021,-0.00011
12,human,28,Unemployment,0.00426,0.00421,4e-05
12,human,29,Taxation,0.00192,0.0019,2e-05
12,human,30,Debt/deficit,0.00415,0.00415,0.0
12,human,31,Inflation,0.00074,0.00074,0.0
12,human,32,Living costs,0.00521,0.00567,-0.00046
12,human,33,Poverty,0.00798,0.00819,-0.0002
12,human,34,Austerity,0.01192,0.01118,0.00074
12,human,35,Inequality,0.01756,0.01766,-0.0001
12,human,36,Housing,0.0116,0.01169,-9e-05
12,human,37,Social care,0.00585,0.00544,0.00041
12,human,38,Pensions/ageing,0.00351,0.00409,-0.00058
12,human,39,Transport/infrastructure,0.00043,0.00044,-2e-05
12,human,40,Environment,0.015,0.01528,-0.00028
12,human,41,Pol values-auth,0.00043,0.00046,-4e-05
12,human,42,Pol values-liberal,0.00149,0.00103,0.00046
12,human,43,Pol values-right,0.00021,0.00021,-0.0
12,human,44,Pol values-left,0.00138,0.00204,-0.00066
12,human,45,Other,0.00032,0.00011,0.00021
12,human,46,Uncoded,0.00362,0.00389,-0.00027
12,human,47,Referendum unspecified,0.00011,0.00029,-0.00018
12,human,48,Coronavirus,0.0,0.00058,-0.00058
12,human,49,Covid-economy,0.0,0.00011,-0.00011
12,human,50,Gender/sexuality/family,0.00074,0.00056,0.00018
13,human,1,Health,0.07579,0.07616,-0.00037
13,human,2,Education,0.00341,0.00362,-0.0002
13,human,3,Election outcome,0.04013,0.03516,0.00497
13,human,4,Pol-neg,0.08579,0.09048,-0.00469
13,human,5,Partisan-neg,0.05237,0.04866,0.00371
13,human,6,Societal divides,0.0033,0.00373,-0.00043
13,human,7,Morals,0.00129,0.00159,-0.0003
13,human,8,"Nat ident, goals-loss",0.00235,0.00275,-0.0004
13,human,9,Racism/discrimination,0.00141,0.0013,0.00012
13,human,10,Welfare,0.00412,0.00389,0.00023
13,human,11,Terrorism,0.11557,0.11504,0.00053
13,human,12,Immigration,0.07144,0.07184,-0.0004
13,human,13,Asylum,0.00024,0.00031,-8e-05
13,human,14,Crime,0.00447,0.00437,0.0001
13,human,15,Europe,0.38602,0.38577,0.00025
13,human,16,Constitutional,0.00071,0.0006,0.00011
13,human,17,International trade,0.00012,0.00032,-0.0002
13,human,18,Devolution,0.00012,0.00049,-0.00037
13,human,19,Scot-ind,0.00282,0.00296,-0.00013
13,human,21,Foreign affairs,0.00059,0.00095,-0.00036
13,human,22,War,0.00059,0.00062,-3e-05
13,human,23,Defence,0.00965,0.00946,0.00019
13,human,24,Foreign emergency,0.0,2e-05,-2e-05
13,human,25,Domestic emergency,0.00377,0.00317,0.0006
13,human,26,Economy-general,0.04802,0.04838,-0.00036
13,human,27,Economy-personal,0.00024,0.00024,-1e-05
13,human,28,Unemployment,0.00235,0.00236,-0.0
13,human,29,Taxation,0.00106,0.00114,-8e-05
13,human,30,Debt/deficit,0.00259,0.00301,-0.00042
13,human,31,Inflation,0.00035,0.00041,-6e-05
13,human,32,Living costs,0.00235,0.00271,-0.00035
13,human,33,Poverty,0.00412,0.00445,-0.00033
13,human,34,Austerity,0.01812,0.01781,0.00032
13,human,35,Inequality,0.01648,0.01621,0.00027
13,human,36,Housing,0.01071,0.01082,-0.00011
13,human,37,Social care,0.00282,0.0028,2e-05
13,human,38,Pensions/ageing,0.002,0.00214,-0.00014
13,human,39,Transport/infrastructure,0.00035,0.00047,-0.00012
13,human,40,Environment,0.01283,0.01306,-0.00023
13,human,41,Pol values-auth,0.00035,0.00073,-0.00038
13,human,42,Pol values-liberal,0.00118,0.00109,9e-05
13,human,43,Pol values-right,0.00071,0.00067,4e-05
13,human,44,Pol values-left,0.00118,0.00159,-0.00041
13,human,45,Other,0.00035,0.00013,0.00023
13,human,46,Uncoded,0.0053,0.00532,-3e-05
13,human,47,Referendum unspecified,0.0,0.0002,-0.0002
13,human,48,Coronavirus,0.0,0.00056,-0.00056
13,human,49,Covid-economy,0.0,0.00012,-0.00012
13,human,50,Gender/sexuality/family,0.00047,0.00034,0.00013
14,human,1,Health,0.08683,0.08598,0.00085
14,human,2,Education,0.00509,0.00506,3e-05
14,human,3,Election outcome,0.00062,0.00074,-0.00012
14,human,4,Pol-neg,0.0165,0.01714,-0.00064
14,human,5,Partisan-neg,0.01154,0.01177,-0.00023
14,human,6,Societal divides,0.00112,0.00164,-0.00052
14,human,7,Morals,0.00087,0.00171,-0.00084
14,human,8,"Nat ident, goals-loss",0.00323,0.00254,0.00068
14,human,9,Racism/discrimination,0.00409,0.00349,0.0006
14,human,10,Welfare,0.00385,0.00386,-1e-05
14,human,11,Terrorism,0.03473,0.03549,-0.00076
14,human,12,Immigration,0.10258,0.10258,0.0
14,human,13,Asylum,0.00087,0.00079,8e-05
14,human,14,Crime,0.0361,0.03575,0.00035
14,human,15,Europe,0.51451,0.51473,-0.00022
14,human,16,Constitutional,0.00074,0.00043,0.00031
14,human,17,International trade,0.00136,0.00102,0.00034
14,human,18,Devolution,0.00012,0.00027,-0.00015
14,human,19,Scot-ind,0.00161,0.00202,-0.00041
14,human,21,Foreign affairs,0.00843,0.00787,0.00057
14,human,22,War,0.00546,0.00582,-0.00036
14,human,23,Defence,0.00521,0.00507,0.00014
14,human,24,Foreign emergency,0.0,1e-05,-1e-05
14,human,25,Domestic emergency,0.0,0.0001,-0.0001
14,human,26,Economy-general,0.04441,0.04348,0.00092
14,human,27,Economy-personal,0.00037,0.00018,0.00019
14,human,28,Unemployment,0.00533,0.00563,-0.00029
14,human,29,Taxation,0.00099,0.00103,-3e-05
14,human,30,Debt/deficit,0.00236,0.00243,-7e-05
14,human,31,Inflation,0.00062,0.00062,-0.0
14,human,32,Living costs,0.0062,0.00688,-0.00067
14,human,33,Poverty,0.0129,0.01257,0.00033
14,human,34,Austerity,0.01327,0.01325,2e-05
14,human,35,Inequality,0.01501,0.01494,7e-05
14,human,36,Housing,0.01985,0.01984,1e-05
14,human,37,Social care,0.00161,0.00165,-4e-05
14,human,38,Pensions/ageing,0.0026,0.00261,-1e-05
14,human,39,Transport/infrastructure,0.00124,0.00111,0.00013
14,human,40,Environment,0.01724,0.01752,-0.00028
14,human,41,Pol values-auth,0.00124,0.00076,0.00048
14,human,42,Pol values-liberal,0.00186,0.00158,0.00028
14,human,43,Pol values-right,0.00062,0.00051,0.00011
14,human,44,Pol values-left,0.00186,0.0017,0.00016
14,human,45,Other,0.00012,0.00022,-9e-05
14,human,46,Uncoded,0.00385,0.00433,-0.00049
14,human,47,Referendum unspecified,0.00012,0.0001,3e-05
14,human,48,Coronavirus,0.0,0.00039,-0.00039
14,human,49,Covid-economy,0.0,0.00011,-0.00011
14,human,50,Gender/sexuality/family,0.00087,0.0007,0.00017
15,human,1,Health,0.02156,0.02142,0.00014
15,human,2,Education,0.00223,0.00208,0.00015
15,human,3,Election outcome,0.00047,0.00071,-0.00024
15,human,4,Pol-neg,0.0239,0.0232,0.0007
15,human,5,Partisan-neg,0.00445,0.00502,-0.00057
15,human,6,Societal divides,0.00258,0.0018,0.00078
15,human,7,Morals,0.00117,0.00122,-5e-05
15,human,8,"Nat ident, goals-loss",0.00199,0.00188,0.00011
15,human,9,Racism/discrimination,0.00094,0.00088,6e-05
15,human,10,Welfare,0.00234,0.00236,-1e-05
15,human,11,Terrorism,0.01008,0.01026,-0.00018
15,human,12,Immigration,0.03879,0.03832,0.00046
15,human,13,Asylum,0.0,9e-05,-9e-05
15,human,14,Crime,0.03949,0.0392,0.00029
15,human,15,Europe,0.76658,0.76697,-0.00039
15,human,16,Constitutional,0.00035,0.00034,1e-05
15,human,17,International trade,0.00082,0.0006,0.00022
15,human,18,Devolution,0.0,9e-05,-9e-05
15,human,19,Scot-ind,0.00141,0.00164,-0.00023
15,human,21,Foreign affairs,0.00059,0.00046,0.00012
15,human,22,War,0.00012,7e-05,5e-05
15,human,23,Defence,0.00141,0.00139,2e-05
15,human,24,Foreign emergency,0.0,1e-05,-1e-05
15,human,25,Domestic emergency,0.0,4e-05,-4e-05
15,human,26,Economy-general,0.01277,0.01242,0.00036
15,human,27,Economy-personal,0.0,0.00011,-0.00011
15,human,28,Unemployment,0.00176,0.00161,0.00015
15,human,29,Taxation,0.00035,0.0005,-0.00015
15,human,30,Debt/deficit,0.00059,0.00066,-7e-05
15,human,31,Inflation,0.0,4e-05,-4e-05
15,human,32,Living costs,0.00152,0.00178,-0.00025
15,human,33,Poverty,0.00703,0.00724,-0.00021
15,human,34,Austerity,0.00656,0.00719,-0.00063
15,human,35,Inequality,0.00644,0.00636,8e-05
15,human,36,Housing,0.01055,0.01019,0.00035
15,human,37,Social care,0.00035,0.00036,-1e-05
15,human,38,Pensions/ageing,0.00129,0.00118,0.00011
15,human,39,Transport/infrastructure,0.00035,0.00033,3e-05
15,human,40,Environment,0.0239,0.02402,-0.00011
15,human,41,Pol values-auth,0.00047,0.00038,8e-05
15,human,42,Pol values-liberal,0.0007,0.00074,-3e-05
15,human,43,Pol values-right,0.00012,0.00019,-8e-05
15,human,44,Pol values-left,0.00094,0.00093,0.0
15,human,45,Other,0.0,0.00012,-0.00012
15,human,46,Uncoded,0.00281,0.00289,-7e-05
15,human,47,Referendum unspecified,0.00012,0.00027,-0.00015
15,human,48,Coronavirus,0.0,0.00024,-0.00024
15,human,49,Covid-economy,0.0,7e-05,-7e-05
15,human,50,Gender/sexuality/family,0.00012,0.00014,-3e-05
16,human,1,Health,0.02906,0.02908,-2e-05
16,human,2,Education,0.00349,0.00345,4e-05
16,human,3,Election outcome,0.00688,0.00636,0.00052
16,human,4,Pol-neg,0.04369,0.04271,0.00098
16,human,5,Partisan-neg,0.00581,0.00733,-0.00151
16,human,6,Societal divides,0.0031,0.00317,-7e-05
16,human,7,Morals,0.00126,0.00132,-6e-05
16,human,8,"Nat ident, goals-loss",0.00223,0.00171,0.00052
16,human,9,Racism/discrimination,0.00174,0.0017,5e-05
16,human,10,Welfare,0.00329,0.00284,0.00045
16,human,11,Terrorism,0.00862,0.00878,-0.00016
16,human,12,Immigration,0.03943,0.03976,-0.00033
16,human,13,Asylum,0.0001,9e-05,1e-05
16,human,14,Crime,0.02306,0.02325,-0.0002
16,human,15,Europe,0.68711,0.68722,-0.00012
16,human,16,Constitutional,0.00039,0.0005,-0.00011
16,human,17,International trade,0.00077,0.00038,0.0004
16,human,18,Devolution,0.00048,0.00036,0.00013
16,human,19,Scot-ind,0.00126,0.0021,-0.00084
16,human,21,Foreign affairs,0.00068,0.00077,-9e-05
16,human,22,War,0.00048,0.00057,-8e-05
16,human,23,Defence,0.00145,0.00148,-2e-05
16,human,24,Foreign emergency,0.0,1e-05,-1e-05
16,human,25,Domestic emergency,0.0,9e-05,-9e-05
16,human,26,Economy-general,0.01811,0.01787,0.00024
16,human,27,Economy-personal,0.0,0.0001,-0.0001
16,human,28,Unemployment,0.00194,0.00217,-0.00023
16,human,29,Taxation,0.00097,0.00107,-0.0001
16,human,30,Debt/deficit,0.00068,0.00098,-0.0003
16,human,31,Inflation,0.00019,0.00014,6e-05
16,human,32,Living costs,0.00126,0.00222,-0.00096
16,human,33,Poverty,0.01453,0.01381,0.00072
16,human,34,Austerity,0.00843,0.00863,-0.0002
16,human,35,Inequality,0.00882,0.0093,-0.00048
16,human,36,Housing,0.00969,0.00963,6e-05
16,human,37,Social care,0.00271,0.00237,0.00034
16,human,38,Pensions/ageing,0.00068,0.00084,-0.00016
16,human,39,Transport/infrastructure,0.00048,0.00049,-1e-05
16,human,40,Environment,0.05725,0.0572,5e-05
16,human,41,Pol values-auth,0.00048,0.0004,9e-05
16,human,42,Pol values-liberal,0.00174,0.00136,0.00038
16,human,43,Pol values-right,0.00048,0.00038,0.00011
16,human,44,Pol values-left,0.00223,0.00166,0.00057
16,human,45,Other,0.00029,0.00011,0.00018
16,human,46,Uncoded,0.00358,0.00325,0.00034
16,human,47,Referendum unspecified,0.00058,0.00022,0.00036
16,human,48,Coronavirus,0.0,0.00025,-0.00025
16,human,49,Covid-economy,0.0,8e-05,-8e-05
16,human,50,Gender/sexuality/family,0.00048,0.00047,2e-05
17,human,1,Health,0.05757,0.05725,0.00032
17,human,2,Education,0.00285,0.00285,-0.0
17,human,3,Election outcome,0.02741,0.02459,0.00282
17,human,4,Pol-neg,0.03838,0.03799,0.0004
17,human,5,Partisan-neg,0.0135,0.01569,-0.0022
17,human,6,Societal divides,0.00358,0.00404,-0.00045
17,human,7,Morals,0.00127,0.00153,-0.00026
17,human,8,"Nat ident, goals-loss",0.00137,0.0011,0.00027
17,human,9,Racism/discrimination,0.002,0.00185,0.00015
17,human,10,Welfare,0.00401,0.004,0.0
17,human,11,Terrorism,0.00432,0.00437,-4e-05
17,human,12,Immigration,0.03237,0.03216,0.00021
17,human,13,Asylum,0.0,2e-05,-2e-05
17,human,14,Crime,0.02499,0.0254,-0.00041
17,human,15,Europe,0.63391,0.63475,-0.00084
17,human,16,Constitutional,0.00095,0.00076,0.00019
17,human,17,International trade,0.00042,0.00037,5e-05
17,human,18,Devolution,0.00021,0.00022,-0.0
17,human,19,Scot-ind,0.00327,0.00416,-0.00089
17,human,21,Foreign affairs,0.00021,0.00047,-0.00026
17,human,22,War,0.00021,0.0003,-9e-05
17,human,23,Defence,0.00137,0.00149,-0.00012
17,human,24,Foreign emergency,0.0,1e-05,-1e-05
17,human,25,Domestic emergency,0.00021,0.00029,-7e-05
17,human,26,Economy-general,0.02278,0.02278,-0.0
17,human,27,Economy-personal,0.00053,0.00021,0.00031
17,human,28,Unemployment,0.00148,0.00156,-9e-05
17,human,29,Taxation,0.00063,0.00081,-0.00017
17,human,30,Debt/deficit,0.00084,0.0008,4e-05
17,human,31,Inflation,0.00011,0.00021,-0.00011
17,human,32,Living costs,0.00337,0.00406,-0.00069
17,human,33,Poverty,0.01149,0.01117,0.00033
17,human,34,Austerity,0.00738,0.00734,4e-05
17,human,35,Inequality,0.0116,0.01186,-0.00026
17,human,36,Housing,0.00949,0.00937,0.00011
17,human,37,Social care,0.00211,0.00188,0.00022
17,human,38,Pensions/ageing,0.0019,0.00193,-3e-05
17,human,39,Transport/infrastructure,0.00042,0.00046,-4e-05
17,human,40,Environment,0.06021,0.06003,0.00018
17,human,41,Pol values-auth,0.00042,0.00062,-0.0002
17,human,42,Pol values-liberal,0.0019,0.00143,0.00047
17,human,43,Pol values-right,0.00032,0.00019,0.00013
17,human,44,Pol values-left,0.00253,0.00198,0.00055
17,human,45,Other,0.00011,0.00019,-8e-05
17,human,46,Uncoded,0.00474,0.00407,0.00067
17,human,47,Referendum unspecified,0.00063,0.00041,0.00023
17,human,48,Coronavirus,0.0,0.00039,-0.00039
17,human,49,Covid-economy,0.0,7e-05,-7e-05
17,human,50,Gender/sexuality/family,0.00063,0.00049,0.00014
18,human,1,Health,0.0864,0.0868,-0.0004
18,human,2,Education,0.00341,0.00294,0.00047
18,human,3,Election outcome,0.04666,0.04235,0.00431
18,human,4,Pol-neg,0.03329,0.03296,0.00033
18,human,5,Partisan-neg,0.022,0.02378,-0.00178
18,human,6,Societal divides,0.00398,0.00376,0.00022
18,human,7,Morals,0.00152,0.00162,-0.0001
18,human,8,"Nat ident, goals-loss",0.00123,0.00117,7e-05
18,human,9,Racism/discrimination,0.00076,0.00055,0.00021
18,human,10,Welfare,0.00256,0.00275,-0.00019
18,human,11,Terrorism,0.01072,0.0109,-0.00018
18,human,12,Immigration,0.0313,0.03142,-0.00012
18,human,13,Asylum,0.0,3e-05,-3e-05
18,human,14,Crime,0.02343,0.02327,0.00015
18,human,15,Europe,0.56259,0.56498,-0.00239
18,human,16,Constitutional,0.00095,0.0005,0.00045
18,human,17,International trade,0.00057,0.00048,9e-05
18,human,18,Devolution,0.00019,0.00031,-0.00012
18,human,19,Scot-ind,0.00417,0.00512,-0.00095
18,human,21,Foreign affairs,9e-05,0.00044,-0.00035
18,human,22,War,0.0,8e-05,-8e-05
18,human,23,Defence,0.0019,0.00193,-4e-05
18,human,24,Foreign emergency,9e-05,1e-05,9e-05
18,human,25,Domestic emergency,0.00066,0.00065,1e-05
18,human,26,Economy-general,0.0275,0.02722,0.00028
18,human,27,Economy-personal,0.00019,7e-05,0.00012
18,human,28,Unemployment,0.00123,0.0015,-0.00027
18,human,29,Taxation,0.00114,0.00116,-2e-05
18,human,30,Debt/deficit,0.00114,0.00133,-0.0002
18,human,31,Inflation,0.0,0.00013,-0.00013
18,human,32,Living costs,0.0036,0.00417,-0.00057
18,human,33,Poverty,0.01489,0.01461,0.00028
18,human,34,Austerity,0.01053,0.01081,-0.00028
18,human,35,Inequality,0.01299,0.01306,-6e-05
18,human,36,Housing,0.01091,0.01081,0.0001
18,human,37,Social care,0.0037,0.00333,0.00037
18,human,38,Pensions/ageing,0.00142,0.0016,-0.00017
18,human,39,Transport/infrastructure,0.00057,0.00065,-9e-05
18,human,40,Environment,0.06203,0.06156,0.00046
18,human,41,Pol values-auth,0.00076,0.00046,0.0003
18,human,42,Pol values-liberal,0.00104,0.00117,-0.00013
18,human,43,Pol values-right,0.00038,0.00045,-7e-05
18,human,44,Pol values-left,0.00247,0.0018,0.00066
18,human,45,Other,9e-05,7e-05,3e-05
18,human,46,Uncoded,0.0037,0.00375,-5e-05
18,human,47,Referendum unspecified,0.00047,0.00023,0.00025
18,human,48,Coronavirus,0.0,0.00043,-0.00043
18,human,49,Covid-economy,0.0,8e-05,-8e-05
18,human,50,Gender/sexuality/family,0.00076,0.00072,4e-05
19,human,1,Health,0.13234,0.13181,0.00053
19,human,2,Education,0.00308,0.00313,-5e-05
19,human,3,Election outcome,0.00547,0.00386,0.00161
19,human,4,Pol-neg,0.02417,0.02523,-0.00106
19,human,5,Partisan-neg,0.03556,0.03704,-0.00148
19,human,6,Societal divides,0.00787,0.00692,0.00095
19,human,7,Morals,0.00171,0.00183,-0.00012
19,human,8,"Nat ident, goals-loss",0.00137,0.00138,-1e-05
19,human,9,Racism/discrimination,0.00148,0.00139,0.0001
19,human,10,Welfare,0.00353,0.00336,0.00017
19,human,11,Terrorism,0.00878,0.00891,-0.00013
19,human,12,Immigration,0.04274,0.04279,-5e-05
19,human,13,Asylum,0.00011,4e-05,8e-05
19,human,14,Crime,0.02553,0.02548,5e-05
19,human,15,Europe,0.51453,0.51581,-0.00128
19,human,16,Constitutional,0.00182,0.00116,0.00066
19,human,17,International trade,0.0041,0.00344,0.00067
19,human,18,Devolution,0.00046,0.00037,8e-05
19,human,19,Scot-ind,0.00855,0.00975,-0.00121
19,human,21,Foreign affairs,0.00011,0.0004,-0.00029
19,human,22,War,0.00023,0.0003,-7e-05
19,human,23,Defence,0.00251,0.00255,-4e-05
19,human,24,Foreign emergency,0.0,1e-05,-1e-05
19,human,25,Domestic emergency,0.00011,0.00018,-6e-05
19,human,26,Economy-general,0.03043,0.03001,0.00042
19,human,27,Economy-personal,0.00011,0.0001,1e-05
19,human,28,Unemployment,0.00091,0.00099,-8e-05
19,human,29,Taxation,0.00068,0.0009,-0.00022
19,human,30,Debt/deficit,0.00125,0.00136,-0.00011
19,human,31,Inflation,0.00011,0.00018,-6e-05
19,human,32,Living costs,0.00285,0.00327,-0.00042
19,human,33,Poverty,0.01641,0.01599,0.00042
19,human,34,Austerity,0.01037,0.01034,3e-05
19,human,35,Inequality,0.01288,0.01297,-9e-05
19,human,36,Housing,0.01163,0.01156,6e-05
19,human,37,Social care,0.00695,0.00626,0.0007
19,human,38,Pensions/ageing,0.00296,0.00346,-0.00049
19,human,39,Transport/infrastructure,0.00068,0.00067,1e-05
19,human,40,Environment,0.06417,0.06394,0.00024
19,human,41,Pol values-auth,0.00068,0.00052,0.00017
19,human,42,Pol values-liberal,0.00148,0.0016,-0.00012
19,human,43,Pol values-right,0.00091,0.00069,0.00022
19,human,44,Pol values-left,0.00251,0.00185,0.00066
19,human,45,Other,0.00011,8e-05,3e-05
19,human,46,Uncoded,0.00422,0.00462,-0.0004
19,human,47,Referendum unspecified,0.0008,0.00027,0.00053
19,human,48,Coronavirus,0.0,0.00045,-0.00045
19,human,49,Covid-economy,0.0,0.0001,-0.0001
19,human,50,Gender/sexuality/family,0.00068,0.00069,-0.0
20,human,1,Health,0.01908,0.0197,-0.00062
20,human,2,Education,0.00346,0.00341,5e-05
20,human,3,Election outcome,0.0,0.00048,-0.00048
20,human,4,Pol-neg,0.01707,0.01884,-0.00177
20,human,5,Partisan-neg,0.00647,0.00733,-0.00086
20,human,6,Societal divides,0.00335,0.00348,-0.00013
20,human,7,Morals,0.00167,0.00208,-0.0004
20,human,8,"Nat ident, goals-loss",0.00524,0.00406,0.00119
20,human,9,Racism/discrimination,0.01796,0.01751,0.00045
20,human,10,Welfare,0.00033,0.00056,-0.00023
20,human,11,Terrorism,0.00033,0.00058,-0.00025
20,human,12,Immigration,0.01216,0.01257,-0.00041
20,human,13,Asylum,0.0,6e-05,-6e-05
20,human,14,Crime,0.00513,0.00568,-0.00055
20,human,15,Europe,0.0453,0.04652,-0.00122
20,human,16,Constitutional,0.0,0.00022,-0.00022
20,human,17,International trade,0.001,0.0008,0.0002
20,human,18,Devolution,0.0,8e-05,-8e-05
20,human,19,Scot-ind,0.00045,0.00077,-0.00032
20,human,21,Foreign affairs,0.00056,0.00076,-0.0002
20,human,22,War,0.00011,0.00023,-0.00012
20,human,23,Defence,0.00022,0.00033,-0.00011
20,human,24,Foreign emergency,0.00011,2e-05,9e-05
20,human,25,Domestic emergency,0.0,0.00014,-0.00014
20,human,26,Economy-general,0.09774,0.09954,-0.0018
20,human,27,Economy-personal,0.0,0.0001,-0.0001
20,human,28,Unemployment,0.00748,0.00706,0.00041
20,human,29,Taxation,0.00011,0.00015,-4e-05
20,human,30,Debt/deficit,0.00134,0.00169,-0.00036
20,human,31,Inflation,0.00011,0.00016,-5e-05
20,human,32,Living costs,0.00033,0.00084,-0.00051
20,human,33,Poverty,0.00346,0.00325,0.00021
20,human,34,Austerity,0.001,0.00138,-0.00037
20,human,35,Inequality,0.01093,0.01156,-0.00063
20,human,36,Housing,0.0019,0.002,-0.00011
20,human,37,Social care,0.00022,0.00031,-9e-05
20,human,38,Pensions/ageing,0.0,0.00018,-0.00018
20,human,39,Transport/infrastructure,0.00033,0.00039,-6e-05
20,human,40,Environment,0.02945,0.02965,-0.0002
20,human,41,Pol values-auth,0.0077,0.00584,0.00186
20,human,42,Pol values-liberal,0.00156,0.00146,0.0001
20,human,43,Pol values-right,0.00179,0.00147,0.00031
20,human,44,Pol values-left,0.00179,0.00176,3e-05
20,human,45,Other,0.0,0.00019,-0.00019
20,human,46,Uncoded,0.00524,0.00592,-0.00068
20,human,47,Referendum unspecified,0.00022,0.00013,9e-05
20,human,48,Coronavirus,0.66272,0.65873,0.004
20,human,49,Covid-economy,0.02388,0.01939,0.00449
20,human,50,Gender/sexuality/family,0.00067,0.0006,7e-05
21,human,1,Health,0.02924,0.0292,4e-05
21,human,2,Education,0.00255,0.00281,-0.00026
21,human,3,Election outcome,0.00024,0.00047,-0.00023
21,human,4,Pol-neg,0.02584,0.0269,-0.00105
21,human,5,Partisan-neg,0.01589,0.01505,0.00084
21,human,6,Societal divides,0.0017,0.00211,-0.00041
21,human,7,Morals,0.00194,0.00239,-0.00045
21,human,8,"Nat ident, goals-loss",0.00231,0.00228,2e-05
21,human,9,Racism/discrimination,0.00267,0.00294,-0.00027
21,human,10,Welfare,0.00146,0.00161,-0.00016
21,human,11,Terrorism,0.00097,0.00147,-0.0005
21,human,12,Immigration,0.029,0.02979,-0.00079
21,human,13,Asylum,0.0,0.00018,-0.00018
21,human,14,Crime,0.0142,0.01384,0.00036
21,human,15,Europe,0.02366,0.02386,-0.0002
21,human,16,Constitutional,0.00085,0.00094,-9e-05
21,human,17,International trade,0.00121,0.00109,0.00013
21,human,18,Devolution,0.00036,0.00038,-2e-05
21,human,19,Scot-ind,0.00667,0.00716,-0.00049
21,human,21,Foreign affairs,0.00158,0.00177,-0.0002
21,human,22,War,0.00024,0.00048,-0.00024
21,human,23,Defence,0.00061,0.00074,-0.00013
21,human,24,Foreign emergency,0.0,2e-05,-2e-05
21,human,25,Domestic emergency,0.0,0.00014,-0.00014
21,human,26,Economy-general,0.10192,0.10171,0.00021
21,human,27,Economy-personal,0.00073,0.00023,0.0005
21,human,28,Unemployment,0.00813,0.00858,-0.00045
21,human,29,Taxation,0.00036,0.00053,-0.00017
21,human,30,Debt/deficit,0.00413,0.00455,-0.00043
21,human,31,Inflation,0.00085,0.00078,7e-05
21,human,32,Living costs,0.00121,0.00202,-0.00081
21,human,33,Poverty,0.00946,0.00981,-0.00035
21,human,34,Austerity,0.00061,0.00108,-0.00047
21,human,35,Inequality,0.01432,0.01441,-9e-05
21,human,36,Housing,0.00582,0.00595,-0.00013
21,human,37,Social care,0.00061,0.00243,-0.00182
21,human,38,Pensions/ageing,0.00279,0.00084,0.00195
21,human,39,Transport/infrastructure,0.00036,0.00051,-0.00014
21,human,40,Environment,0.05982,0.05907,0.00074
21,human,41,Pol values-auth,0.00376,0.00312,0.00064
21,human,42,Pol values-liberal,0.00413,0.00463,-0.00051
21,human,43,Pol values-right,0.00036,0.00066,-0.00029
21,human,44,Pol values-left,0.00194,0.00178,0.00016
21,human,45,Other,0.00049,0.00032,0.00017
21,human,46,Uncoded,0.00546,0.00457,0.00089
21,human,47,Referendum unspecified,0.0,0.00022,-0.00022
21,human,48,Coronavirus,0.58954,0.58427,0.00527
21,human,49,Covid-economy,0.01905,0.01954,-0.00049
21,human,50,Gender/sexuality/family,0.00097,0.00074,0.00023
22,human,1,Health,0.04399,0.04444,-0.00045
22,human,2,Education,0.00316,0.00314,2e-05
22,human,3,Election outcome,0.0,0.0006,-0.0006
22,human,4,Pol-neg,0.04795,0.04804,-0.0001
22,human,5,Partisan-neg,0.02121,0.02071,0.0005
22,human,6,Societal divides,0.00145,0.00177,-0.00032
22,human,7,Morals,0.00158,0.00195,-0.00037
22,human,8,"Nat ident, goals-loss",0.00079,0.00091,-0.00012
22,human,9,Racism/discrimination,0.00013,0.00043,-0.0003
22,human,10,Welfare,0.00092,0.00109,-0.00017
22,human,11,Terrorism,0.00382,0.00402,-0.0002
22,human,12,Immigration,0.09879,0.0984,0.00039
22,human,13,Asylum,0.0025,0.0029,-0.00039
22,human,14,Crime,0.01106,0.0115,-0.00043
22,human,15,Europe,0.03635,0.037,-0.00064
22,human,16,Constitutional,0.00026,0.00042,-0.00016
22,human,17,International trade,0.00092,0.00081,0.00011
22,human,18,Devolution,0.0,0.00013,-0.00013
22,human,19,Scot-ind,0.00158,0.00155,3e-05
22,human,21,Foreign affairs,0.00092,0.0009,3e-05
22,human,22,War,0.00013,0.00042,-0.00029
22,human,23,Defence,0.00132,0.00145,-0.00014
22,human,24,Foreign emergency,0.0,1e-05,-1e-05
22,human,25,Domestic emergency,0.00026,0.0005,-0.00024
22,human,26,Economy-general,0.05809,0.05835,-0.00027
22,human,27,Economy-personal,0.0,9e-05,-9e-05
22,human,28,Unemployment,0.00316,0.0031,6e-05
22,human,29,Taxation,0.00145,0.00167,-0.00022
22,human,30,Debt/deficit,0.00237,0.00262,-0.00025
22,human,31,Inflation,0.0058,0.0059,-0.0001
22,human,32,Living costs,0.01238,0.01246,-8e-05
22,human,33,Poverty,0.00988,0.0097,0.00018
22,human,34,Austerity,0.00119,0.00135,-0.00017
22,human,35,Inequality,0.01027,0.01015,0.00013
22,human,36,Housing,0.00738,0.00781,-0.00043
22,human,37,Social care,0.00105,0.00272,-0.00167
22,human,38,Pensions/ageing,0.00211,0.00073,0.00137
22,human,39,Transport/infrastructure,0.00092,0.00081,0.00012
22,human,40,Environment,0.07547,0.07458,0.00089
22,human,41,Pol values-auth,0.00198,0.00169,0.00029
22,human,42,Pol values-liberal,0.00487,0.004,0.00088
22,human,43,Pol values-right,0.00066,0.00078,-0.00013
22,human,44,Pol values-left,0.00211,0.00198,0.00012
22,human,45,Other,0.0004,0.00025,0.00014
22,human,46,Uncoded,0.00435,0.0042,0.00015
22,human,47,Referendum unspecified,0.0,9e-05,-9e-05
22,human,48,Coronavirus,0.50909,0.50622,0.00287
22,human,49,Covid-economy,0.00474,0.0049,-0.00016
22,human,50,Gender/sexuality/family,0.00119,0.00075,0.00043
23,human,1,Health,0.01689,0.01688,1e-05
23,human,2,Education,0.00188,0.00179,9e-05
23,human,3,Election outcome,0.00012,0.0008,-0.00069
23,human,4,Pol-neg,0.03473,0.03461,0.00011
23,human,5,Partisan-neg,0.0203,0.01917,0.00113
23,human,6,Societal divides,0.0007,0.00093,-0.00023
23,human,7,Morals,0.00176,0.00185,-9e-05
23,human,8,"Nat ident, goals-loss",0.00106,0.00071,0.00034
23,human,9,Racism/discrimination,0.00047,0.00061,-0.00014
23,human,10,Welfare,0.00129,0.00154,-0.00025
23,human,11,Terrorism,0.0007,0.00094,-0.00024
23,human,12,Immigration,0.05092,0.05138,-0.00047
23,human,13,Asylum,0.00106,0.00112,-7e-05
23,human,14,Crime,0.00751,0.00772,-0.00021
23,human,15,Europe,0.02076,0.02112,-0.00035
23,human,16,Constitutional,0.00035,0.0004,-5e-05
23,human,17,International trade,0.00094,0.00107,-0.00014
23,human,18,Devolution,0.00012,0.00019,-7e-05
23,human,19,Scot-ind,0.00094,0.00127,-0.00033
23,human,21,Foreign affairs,0.02886,0.02728,0.00158
23,human,22,War,0.04798,0.04849,-0.0005
23,human,23,Defence,0.00375,0.00355,0.0002
23,human,24,Foreign emergency,0.0,2e-05,-2e-05
23,human,25,Domestic emergency,0.00516,0.00511,5e-05
23,human,26,Economy-general,0.13749,0.13612,0.00137
23,human,27,Economy-personal,0.00035,0.00029,6e-05
23,human,28,Unemployment,0.00129,0.00135,-6e-05
23,human,29,Taxation,0.00164,0.00194,-0.0003
23,human,30,Debt/deficit,0.00141,0.00203,-0.00062
23,human,31,Inflation,0.07602,0.07592,0.0001
23,human,32,Living costs,0.41788,0.41545,0.00243
23,human,33,Poverty,0.02065,0.02109,-0.00044
23,human,34,Austerity,0.00035,0.00098,-0.00063
23,human,35,Inequality,0.00786,0.00836,-0.0005
23,human,36,Housing,0.00704,0.00709,-5e-05
23,human,37,Social care,0.00047,0.00059,-0.00012
23,human,38,Pensions/ageing,0.00141,0.00114,0.00027
23,human,39,Transport/infrastructure,0.00059,0.00123,-0.00065
23,human,40,Environment,0.05115,0.05118,-3e-05
23,human,41,Pol values-auth,0.00094,0.00092,2e-05
23,human,42,Pol values-liberal,0.00094,0.0012,-0.00026
23,human,43,Pol values-right,0.00059,0.00038,0.00021
23,human,44,Pol values-left,0.00094,0.00097,-3e-05
23,human,45,Other,0.00023,0.00021,2e-05
23,human,46,Uncoded,0.00387,0.0041,-0.00023
23,human,47,Referendum unspecified,0.0,0.00011,-0.00011
23,human,48,Coronavirus,0.01654,0.01637,0.00017
23,human,49,Covid-economy,0.00082,0.00119,-0.00036
23,human,50,Gender/sexuality/family,0.00129,0.00123,6e-05
24,human,1,Health,0.04901,0.04933,-0.00032
24,human,2,Education,0.0019,0.00199,-9e-05
24,human,3,Election outcome,0.00024,0.001,-0.00077
24,human,4,Pol-neg,0.02308,0.02374,-0.00066
24,human,5,Partisan-neg,0.01142,0.01255,-0.00113
24,human,6,Societal divides,0.00048,0.00086,-0.00039
24,human,7,Morals,0.00428,0.00296,0.00132
24,human,8,"Nat ident, goals-loss",0.00143,0.00134,9e-05
24,human,9,Racism/discrimination,0.0,0.00042,-0.00042
24,human,10,Welfare,0.00119,0.00126,-7e-05
24,human,11,Terrorism,0.00095,0.00137,-0.00042
24,human,12,Immigration,0.08375,0.0836,0.00015
24,human,13,Asylum,0.0019,0.00178,0.00013
24,human,14,Crime,0.00619,0.00709,-0.0009
24,human,15,Europe,0.01642,0.01733,-0.00091
24,human,16,Constitutional,0.00024,0.0003,-6e-05
24,human,17,International trade,0.0019,0.00132,0.00058
24,human,18,Devolution,0.0,0.00014,-0.00014
24,human,19,Scot-ind,0.00095,0.00167,-0.00072
24,human,21,Foreign affairs,0.00119,0.00191,-0.00072
24,human,22,War,0.00785,0.00736,0.00049
24,human,23,Defence,0.00214,0.00226,-0.00012
24,human,24,Foreign emergency,0.0,2e-05,-2e-05
24,human,25,Domestic emergency,0.01404,0.01354,0.0005
24,human,26,Economy-general,0.18606,0.18708,-0.00103
24,human,27,Economy-personal,0.00024,0.00038,-0.00014
24,human,28,Unemployment,0.00143,0.00169,-0.00026
24,human,29,Taxation,0.00167,0.00174,-8e-05
24,human,30,Debt/deficit,0.00262,0.00288,-0.00027
24,human,31,Inflation,0.0552,0.05603,-0.00083
24,human,32,Living costs,0.40923,0.40287,0.00636
24,human,33,Poverty,0.0188,0.01783,0.00096
24,human,34,Austerity,0.00167,0.0023,-0.00063
24,human,35,Inequality,0.00714,0.00795,-0.00081
24,human,36,Housing,0.00476,0.00544,-0.00068
24,human,37,Social care,0.00024,0.00034,-0.0001
24,human,38,Pensions/ageing,0.00143,0.00152,-9e-05
24,human,39,Transport/infrastructure,0.00071,0.002,-0.00128
24,human,40,Environment,0.06043,0.05939,0.00104
24,human,41,Pol values-auth,0.0019,0.00094,0.00096
24,human,42,Pol values-liberal,0.00143,0.00111,0.00031
24,human,43,Pol values-right,0.00024,0.00043,-0.00019
24,human,44,Pol values-left,0.00071,0.00091,-0.00019
24,human,45,Other,0.00095,0.00012,0.00083
24,human,46,Uncoded,0.00785,0.00699,0.00086
24,human,47,Referendum unspecified,0.00024,0.00011,0.00013
24,human,48,Coronavirus,0.00286,0.00344,-0.00058
24,human,49,Covid-economy,0.0,0.00027,-0.00027
24,human,50,Gender/sexuality/family,0.00167,0.00111,0.00056
25,human,1,Health,0.05323,0.05379,-0.00056
25,human,2,Education,0.00286,0.00295,-9e-05
25,human,3,Election outcome,0.0,0.00054,-0.00054
25,human,4,Pol-neg,0.02774,0.03021,-0.00247
25,human,5,Partisan-neg,0.01893,0.01873,0.00021
25,human,6,Societal divides,0.00119,0.00114,5e-05
25,human,7,Morals,0.00572,0.00292,0.00279
25,human,8,"Nat ident, goals-loss",0.00262,0.00141,0.00121
25,human,9,Racism/discrimination,0.00024,0.00044,-0.0002
25,human,10,Welfare,0.00143,0.00174,-0.00031
25,human,11,Terrorism,0.00071,0.00096,-0.00025
25,human,12,Immigration,0.11312,0.11359,-0.00047
25,human,13,Asylum,0.00274,0.0025,0.00024
25,human,14,Crime,0.01191,0.01161,0.0003
25,human,15,Europe,0.01929,0.02006,-0.00076
25,human,16,Constitutional,0.00095,0.00066,0.00029
25,human,17,International trade,0.00024,0.00028,-4e-05
25,human,18,Devolution,0.0,8e-05,-8e-05
25,human,19,Scot-ind,0.00095,0.00142,-0.00046
25,human,21,Foreign affairs,0.00762,0.00817,-0.00054
25,human,22,War,0.00965,0.00912,0.00053
25,human,23,Defence,0.00226,0.00227,-1e-05
25,human,24,Foreign emergency,0.0,2e-05,-2e-05
25,human,25,Domestic emergency,0.00083,0.00106,-0.00022
25,human,26,Economy-general,0.17278,0.17445,-0.00168
25,human,27,Economy-personal,0.0,0.00021,-0.00021
25,human,28,Unemployment,0.00226,0.0023,-4e-05
25,human,29,Taxation,0.00298,0.00279,0.00019
25,human,30,Debt/deficit,0.00119,0.00181,-0.00062
25,human,31,Inflation,0.07395,0.07454,-0.0006
25,human,32,Living costs,0.34187,0.33739,0.00448
25,human,33,Poverty,0.01667,0.01611,0.00056
25,human,34,Austerity,0.00262,0.00347,-0.00085
25,human,35,Inequality,0.01084,0.0113,-0.00046
25,human,36,Housing,0.01262,0.01329,-0.00067
25,human,37,Social care,0.00119,0.00113,7e-05
25,human,38,Pensions/ageing,0.00095,0.00102,-7e-05
25,human,39,Transport/infrastructure,0.00262,0.00109,0.00153
25,human,40,Environment,0.05549,0.05646,-0.00097
25,human,41,Pol values-auth,0.00274,0.00246,0.00028
25,human,42,Pol values-liberal,0.0025,0.0026,-0.0001
25,human,43,Pol values-right,0.00024,0.00037,-0.00013
25,human,44,Pol values-left,0.00191,0.00198,-7e-05
25,human,45,Other,0.00048,0.00025,0.00023
25,human,46,Uncoded,0.00703,0.00558,0.00144
25,human,47,Referendum unspecified,0.0,9e-05,-9e-05
25,human,48,Coronavirus,0.00036,0.00124,-0.00088
25,human,49,Covid-economy,0.00012,0.00029,-0.00017
25,human,50,Gender/sexuality/family,0.00238,0.00211,0.00027
26,llm,1,Health,0.08626,0.08673,-0.00047
26,llm,2,Education,0.00365,0.00365,-0.0
26,llm,3,Election outcome,0.01052,0.00896,0.00156
26,llm,4,Pol-neg,0.04097,0.04454,-0.00357
26,llm,5,Partisan-neg,0.02192,0.02005,0.00187
26,llm,6,Societal divides,0.00266,0.00295,-0.0003
26,llm,7,Morals,0.00421,0.00377,0.00043
26,llm,8,"Nat ident, goals-loss",0.0031,0.00336,-0.00026
26,llm,9,Racism/discrimination,0.00188,0.0021,-0.00022
26,llm,10,Welfare,0.00255,0.00283,-0.00029
26,llm,11,Terrorism,0.00343,0.00402,-0.00059
26,llm,12,Immigration,0.19068,0.18893,0.00175
26,llm,13,Asylum,0.00487,0.00621,-0.00134
26,llm,14,Crime,0.02392,0.02398,-7e-05
26,llm,15,Europe,0.01273,0.01486,-0.00212
26,llm,16,Constitutional,0.00144,0.00097,0.00047
26,llm,17,International trade,0.00022,0.00089,-0.00067
26,llm,18,Devolution,0.0,0.00029,-0.00029
26,llm,19,Scot-ind,0.00155,0.00161,-6e-05
26,llm,21,Foreign affairs,0.00974,0.01111,-0.00137
26,llm,22,War,0.0227,0.02082,0.00188
26,llm,23,Defence,0.01451,0.01429,0.00021
26,llm,24,Foreign emergency,0.00022,2e-05,0.0002
26,llm,25,Domestic emergency,0.00011,0.00022,-0.00011
26,llm,26,Economy-general,0.13919,0.13926,-7e-05
26,llm,27,Economy-personal,0.00078,0.00028,0.00049
26,llm,28,Unemployment,0.00266,0.00257,9e-05
26,llm,29,Taxation,0.00465,0.00454,0.00011
26,llm,30,Debt/deficit,0.00166,0.00191,-0.00024
26,llm,31,Inflation,0.01462,0.01419,0.00043
26,llm,32,Living costs,0.16931,0.16914,0.00017
26,llm,33,Poverty,0.01207,0.01231,-0.00024
26,llm,34,Austerity,0.00653,0.00686,-0.00033
26,llm,35,Inequality,0.01439,0.01411,0.00029
26,llm,36,Housing,0.02126,0.02167,-0.00041
26,llm,37,Social care,0.00354,0.0032,0.00034
26,llm,38,Pensions/ageing,0.00177,0.00182,-5e-05
26,llm,39,Transport/infrastructure,0.00221,0.00209,0.00012
26,llm,40,Environment,0.06278,0.06367,-0.00089
26,llm,41,Pol values-auth,0.00188,0.00165,0.00024
26,llm,42,Pol values-liberal,0.00255,0.00272,-0.00018
26,llm,43,Pol values-right,0.00078,0.0005,0.00027
26,llm,44,Pol values-left,0.0021,0.00234,-0.00024
26,llm,45,Other,0.00122,0.00055,0.00067
26,llm,46,Uncoded,0.06932,0.0649,0.00442
26,llm,47,Referendum unspecified,0.0,0.00014,-0.00014
26,llm,48,Coronavirus,0.00011,0.00091,-0.00079
26,llm,49,Covid-economy,0.0,0.00024,-0.00024
26,llm,50,Gender/sexuality/family,0.00078,0.00125,-0.00047
27,llm,1,Health,0.11299,0.11366,-0.00068
27,llm,2,Education,0.00346,0.00356,-0.0001
27,llm,3,Election outcome,0.02987,0.02888,0.00099
27,llm,4,Pol-neg,0.02965,0.03235,-0.00269
27,llm,5,Partisan-neg,0.01818,0.01706,0.00113
27,llm,6,Societal divides,0.00346,0.00334,0.00012
27,llm,7,Morals,0.00325,0.00256,0.00069
27,llm,8,"Nat ident, goals-loss",0.00152,0.00159,-8e-05
27,llm,9,Racism/discrimination,0.00141,0.00153,-0.00013
27,llm,10,Welfare,0.00368,0.00359,9e-05
27,llm,11,Terrorism,0.00227,0.00275,-0.00048
27,llm,12,Immigration,0.1789,0.17813,0.00077
27,llm,13,Asylum,0.00152,0.00223,-0.00071
27,llm,14,Crime,0.01656,0.01657,-2e-05
27,llm,15,Europe,0.01429,0.01518,-0.00089
27,llm,16,Constitutional,0.00087,0.00098,-0.00012
27,llm,17,International trade,0.00011,0.00074,-0.00063
27,llm,18,Devolution,0.0,0.00028,-0.00028
27,llm,19,Scot-ind,0.0013,0.00131,-1e-05
27,llm,21,Foreign affairs,0.00855,0.00995,-0.0014
27,llm,22,War,0.01602,0.01406,0.00196
27,llm,23,Defence,0.01548,0.01568,-0.0002
27,llm,24,Foreign emergency,0.0,2e-05,-2e-05
27,llm,25,Domestic emergency,0.00043,0.00041,2e-05
27,llm,26,Economy-general,0.14535,0.14465,0.00069
27,llm,27,Economy-personal,0.00022,0.00022,-0.0
27,llm,28,Unemployment,0.00184,0.00175,9e-05
27,llm,29,Taxation,0.0053,0.00548,-0.00018
27,llm,30,Debt/deficit,0.00119,0.00154,-0.00035
27,llm,31,Inflation,0.00909,0.0088,0.00029
27,llm,32,Living costs,0.17489,0.1749,-1e-05
27,llm,33,Poverty,0.01104,0.01114,-0.00011
27,llm,34,Austerity,0.00563,0.00625,-0.00063
27,llm,35,Inequality,0.01299,0.01301,-2e-05
27,llm,36,Housing,0.01981,0.02005,-0.00025
27,llm,37,Social care,0.00249,0.00237,0.00012
27,llm,38,Pensions/ageing,0.00173,0.0017,3e-05
27,llm,39,Transport/infrastructure,0.00162,0.00138,0.00024
27,llm,40,Environment,0.0618,0.06289,-0.0011
27,llm,41,Pol values-auth,0.00141,0.00118,0.00023
27,llm,42,Pol values-liberal,0.00195,0.00129,0.00066
27,llm,43,Pol values-right,0.00087,0.00048,0.00039
27,llm,44,Pol values-left,0.00119,0.00172,-0.00053
27,llm,45,Other,0.0013,0.00028,0.00101
27,llm,46,Uncoded,0.07305,0.06861,0.00444
27,llm,47,Referendum unspecified,0.0,0.00013,-0.00013
27,llm,48,Coronavirus,0.00032,0.0013,-0.00098
27,llm,49,Covid-economy,0.0,0.00012,-0.00012
27,llm,50,Gender/sexuality/family,0.00119,0.00232,-0.00112
28,llm,1,Health,0.12655,0.12707,-0.00053
28,llm,2,Education,0.00356,0.00355,1e-05
28,llm,3,Election outcome,0.03991,0.03866,0.00125
28,llm,4,Pol-neg,0.02902,0.0326,-0.00358
28,llm,5,Partisan-neg,0.02137,0.02088,0.00049
28,llm,6,Societal divides,0.0023,0.0025,-0.00019
28,llm,7,Morals,0.00356,0.0026,0.00096
28,llm,8,"Nat ident, goals-loss",0.00199,0.00178,0.00021
28,llm,9,Racism/discrimination,0.00147,0.00145,1e-05
28,llm,10,Welfare,0.00168,0.002,-0.00032
28,llm,11,Terrorism,0.00136,0.00201,-0.00065
28,llm,12,Immigration,0.18605,0.18462,0.00142
28,llm,13,Asylum,0.00189,0.0028,-0.00091
28,llm,14,Crime,0.01508,0.01549,-0.0004
28,llm,15,Europe,0.01561,0.01678,-0.00117
28,llm,16,Constitutional,0.00136,0.00114,0.00022
28,llm,17,International trade,0.0001,0.00073,-0.00062
28,llm,18,Devolution,0.0001,0.00036,-0.00026
28,llm,19,Scot-ind,0.0023,0.00235,-4e-05
28,llm,21,Foreign affairs,0.0045,0.00593,-0.00143
28,llm,22,War,0.01027,0.00922,0.00105
28,llm,23,Defence,0.01372,0.01345,0.00028
28,llm,24,Foreign emergency,0.00021,2e-05,0.00019
28,llm,25,Domestic emergency,0.0,0.0001,-0.0001
28,llm,26,Economy-general,0.13953,0.1395,4e-05
28,llm,27,Economy-personal,0.00021,0.00014,7e-05
28,llm,28,Unemployment,0.00136,0.00127,9e-05
28,llm,29,Taxation,0.00576,0.00584,-8e-05
28,llm,30,Debt/deficit,0.00241,0.00295,-0.00054
28,llm,31,Inflation,0.00618,0.00602,0.00016
28,llm,32,Living costs,0.15399,0.1541,-0.0001
28,llm,33,Poverty,0.00953,0.01005,-0.00052
28,llm,34,Austerity,0.00869,0.00885,-0.00016
28,llm,35,Inequality,0.0155,0.01581,-0.0003
28,llm,36,Housing,0.0221,0.02203,7e-05
28,llm,37,Social care,0.00482,0.00426,0.00056
28,llm,38,Pensions/ageing,0.00157,0.00182,-0.00025
28,llm,39,Transport/infrastructure,0.00147,0.00125,0.00022
28,llm,40,Environment,0.06044,0.06133,-0.00088
28,llm,41,Pol values-auth,0.00168,0.00117,0.00051
28,llm,42,Pol values-liberal,0.00293,0.00234,0.0006
28,llm,43,Pol values-right,0.00084,0.00052,0.00032
28,llm,44,Pol values-left,0.00147,0.00189,-0.00042
28,llm,45,Other,0.00157,0.00034,0.00123
28,llm,46,Uncoded,0.0726,0.06723,0.00536
28,llm,47,Referendum unspecified,0.0,0.00019,-0.00019
28,llm,48,Coronavirus,0.00042,0.00101,-0.00059
28,llm,49,Covid-economy,0.0,0.00011,-0.00011
28,llm,50,Gender/sexuality/family,0.00094,0.00191,-0.00097
29,llm,1,Health,0.13905,0.13933,-0.00028
29,llm,2,Education,0.00459,0.00454,5e-05
29,llm,3,Election outcome,0.00714,0.00355,0.00359
29,llm,4,Pol-neg,0.02079,0.02406,-0.00326
29,llm,5,Partisan-neg,0.02197,0.02107,0.00089
29,llm,6,Societal divides,0.00235,0.00243,-8e-05
29,llm,7,Morals,0.00203,0.0017,0.00033
29,llm,8,"Nat ident, goals-loss",0.00213,0.00197,0.00017
29,llm,9,Racism/discrimination,0.00181,0.00182,-1e-05
29,llm,10,Welfare,0.00245,0.00262,-0.00016
29,llm,11,Terrorism,0.00128,0.00165,-0.00037
29,llm,12,Immigration,0.17989,0.17944,0.00045
29,llm,13,Asylum,0.00149,0.00235,-0.00086
29,llm,14,Crime,0.01493,0.01527,-0.00034
29,llm,15,Europe,0.01258,0.01454,-0.00196
29,llm,16,Constitutional,0.00139,0.00149,-0.0001
29,llm,17,International trade,0.0,0.0008,-0.0008
29,llm,18,Devolution,0.00021,0.00048,-0.00027
29,llm,19,Scot-ind,0.00203,0.00223,-0.00021
29,llm,21,Foreign affairs,0.00544,0.00677,-0.00133
29,llm,22,War,0.00938,0.00797,0.00142
29,llm,23,Defence,0.01109,0.01091,0.00018
29,llm,24,Foreign emergency,0.0,3e-05,-3e-05
29,llm,25,Domestic emergency,0.0,0.00013,-0.00013
29,llm,26,Economy-general,0.15174,0.15279,-0.00105
29,llm,27,Economy-personal,0.00032,0.00018,0.00014
29,llm,28,Unemployment,0.00107,0.00118,-0.00011
29,llm,29,Taxation,0.00512,0.00503,9e-05
29,llm,30,Debt/deficit,0.00235,0.0025,-0.00015
29,llm,31,Inflation,0.00533,0.0052,0.00014
29,llm,32,Living costs,0.16752,0.168,-0.00048
29,llm,33,Poverty,0.01109,0.01125,-0.00016
29,llm,34,Austerity,0.00597,0.00639,-0.00042
29,llm,35,Inequality,0.01408,0.01419,-0.00012
29,llm,36,Housing,0.02346,0.02326,0.0002
29,llm,37,Social care,0.00352,0.00331,0.0002
29,llm,38,Pensions/ageing,0.00149,0.00166,-0.00017
29,llm,39,Transport/infrastructure,0.0016,0.00165,-5e-05
29,llm,40,Environment,0.06174,0.06314,-0.0014
29,llm,41,Pol values-auth,0.00117,0.00062,0.00055
29,llm,42,Pol values-liberal,0.0032,0.00278,0.00042
29,llm,43,Pol values-right,0.00032,0.00052,-0.0002
29,llm,44,Pol values-left,0.00181,0.00228,-0.00047
29,llm,45,Other,0.00256,0.00036,0.0022
29,llm,46,Uncoded,0.08872,0.08251,0.0062
29,llm,47,Referendum unspecified,0.0,0.00014,-0.00014
29,llm,48,Coronavirus,0.00043,0.00148,-0.00105
29,llm,49,Covid-economy,0.0,0.00012,-0.00012
29,llm,50,Gender/sexuality/family,0.00139,0.00234,-0.00095
30,llm,1,Health,0.06538,0.06613,-0.00075
30,llm,2,Education,0.00285,0.00297,-0.00013
30,llm,3,Election outcome,0.00153,0.00116,0.00038
30,llm,4,Pol-neg,0.02519,0.02968,-0.00449
30,llm,5,Partisan-neg,0.02617,0.02248,0.00369
30,llm,6,Societal divides,0.00307,0.00303,3e-05
30,llm,7,Morals,0.00405,0.00311,0.00094
30,llm,8,"Nat ident, goals-loss",0.00274,0.00317,-0.00043
30,llm,9,Racism/discrimination,0.0046,0.00476,-0.00016
30,llm,10,Welfare,0.00526,0.00558,-0.00032
30,llm,11,Terrorism,0.00208,0.00306,-0.00098
30,llm,12,Immigration,0.25014,0.24797,0.00217
30,llm,13,Asylum,0.00372,0.00526,-0.00153
30,llm,14,Crime,0.01796,0.01855,-0.00059
30,llm,15,Europe,0.00887,0.01071,-0.00184
30,llm,16,Constitutional,0.00175,0.00177,-2e-05
30,llm,17,International trade,0.0034,0.00297,0.00043
30,llm,18,Devolution,0.00022,0.00054,-0.00032
30,llm,19,Scot-ind,0.00153,0.00174,-0.0002
30,llm,21,Foreign affairs,0.02585,0.02607,-0.00022
30,llm,22,War,0.0184,0.01657,0.00183
30,llm,23,Defence,0.01413,0.01411,2e-05
30,llm,24,Foreign emergency,0.00011,3e-05,8e-05
30,llm,25,Domestic emergency,0.0,0.00013,-0.00013
30,llm,26,Economy-general,0.15409,0.15355,0.00054
30,llm,27,Economy-personal,0.00077,0.00034,0.00043
30,llm,28,Unemployment,0.00285,0.00302,-0.00017
30,llm,29,Taxation,0.0069,0.00693,-3e-05
30,llm,30,Debt/deficit,0.00131,0.00244,-0.00112
30,llm,31,Inflation,0.00602,0.0061,-8e-05
30,llm,32,Living costs,0.13514,0.13612,-0.00098
30,llm,33,Poverty,0.00964,0.00979,-0.00016
30,llm,34,Austerity,0.00668,0.00728,-0.0006
30,llm,35,Inequality,0.01741,0.0176,-0.00019
30,llm,36,Housing,0.01665,0.01671,-6e-05
30,llm,37,Social care,0.00361,0.00307,0.00054
30,llm,38,Pensions/ageing,0.0011,0.00122,-0.00012
30,llm,39,Transport/infrastructure,0.00088,0.00106,-0.00019
30,llm,40,Environment,0.05421,0.05521,-0.001
30,llm,41,Pol values-auth,0.0046,0.00149,0.00311
30,llm,42,Pol values-liberal,0.0092,0.01065,-0.00145
30,llm,43,Pol values-right,0.00296,0.00084,0.00212
30,llm,44,Pol values-left,0.00515,0.00651,-0.00136
30,llm,45,Other,0.00307,0.00043,0.00263
30,llm,46,Uncoded,0.06691,0.06288,0.00404
30,llm,47,Referendum unspecified,0.0,0.00024,-0.00024
30,llm,48,Coronavirus,0.00033,0.00165,-0.00133
30,llm,49,Covid-economy,0.0,0.00026,-0.00026
30,llm,50,Gender/sexuality/family,0.00153,0.00305,-0.00151
